Liste cheat white,Liste cheat black,Game,Elo White,Elo Black,Score
00000000001111101010111010100110000001001111,0000000000111001000000001100100000000111000,1. d4 e6 2. c4 d5 3. Nc3 Be7 4. Nf3 Nf6 5. Bf4 O-O 6. e3 a6 7. h3 dxc4 8. Bxc4 b5 9. Bb3 Bb7 10. Bc2 Nbd7 11. O-O Rc8 12. Qe2 c5 13. dxc5 Rxc5 14. e4 e5 15. Be3 Rc4 16. Bb3 Rc7 17. Rfd1 Qc8 18. Rac1 Bxe4 19. Nxe4 Nxe4 20. Rxc7 Qxc7 21. Nxe5 Nxe5 22. Bf4 Bd6 23. Qxe4 Re8 24. Bxe5 Bxe5 25. f4 a5 26. fxe5 a4 27. Bd5 Rxe5 28. Qf4 Qc5+ 29. Kh2 Qe7 30. Bxf7+ Qxf7 31. Qxe5 h6 32. Qxb5 Qf4+ 33. Kg1 Qe3+ 34. Kh2 Qf4+ 35. Kg1 Qe3+ 36. Kh2 Qf4+ 37. Kg1 Qe3+ 38. Kh1 Qe7 39. Qxa4 Qg5 40. Qe8+ Kh7 41. b4 Qg3 42. Qe4+ g6 43. Qe7+ Kg8 43. Rd8# 1-0,1001,-1,1/2-1/2
0000000000000010111101100000100111000111101111001,0000000000110111110111111111111111111011111111111,1. d4 c5 2. c4 cxd4 3. Qxd4 Nc6 4. Qd1 e6 5. Nf3 Nf6 6. Bf4 Bb4+ 7. Nbd2 d5 8. a3 Bd6 9. Bxd6 Qxd6 10. b4 dxc4 11. Nxc4 Qxd1+ 12. Rxd1 Ke7 13. e3 Rd8 14. Rxd8 Nxd8 15. Nd4 Bd7 16. Bd3 Rc8 17. Ke2 Ne8 18. Kd2 f6 19. f4 Nd6 20. Nxd6 Kxd6 21. Nb5+ Bxb5 22. Bxb5 Nf7 23. Rc1 Rxc1 24. Kxc1 Ke7 25. a4 Nd6 26. Bd3 h6 27. b5 e5 28. fxe5 fxe5 29. Kd2 Ke6 30. Kc3 Kd5 31. Kb4 e4 32. Bb1 Nf5 33. b6 axb6 34. Kb5 Nxe3 35. Kxb6 Nc4+ 36. Kxb7 e3 37. Bd3 Nb2 38. Bf1 Nxa4 39. Kc7 Nc3 40. Bd3 e2 41. Bg6 Kc5 42. Kd7 e1=Q 43. Bf7 Qe5 44. Kd8 Nd5 45. Bxd5 Kd6 46. Kc8 Qe8+ 47. Kb7 Qb5+ 48. Kc8 Qb6 49. Be4 Qc7# ,1001,-1,1/2-1/2
000000000011100111011110011111111010101111011111111111111111110,00000000001111111000011111111111111111110101011101111101101101,1. e4 e5 2. d4 exd4 3. Qxd4 Nc6 4. Qd3 b6 5. Be2 Bc5 6. Be3 Bxe3 7. Qxe3 d6 8. c3 Nge7 9. c4 Ne5 10. b3 O-O 11. Nc3 f5 12. f4 Nd7 13. Bf3 fxe4 14. Bxe4 Rb8 15. Nf3 Nf6 16. O-O Nf5 17. Bxf5 Bxf5 18. Nd4 Re8 19. Qg3 Ne4 20. Qe3 Nxc3 21. Qxc3 Qf6 22. Nb5 Qxc3 23. Nxc3 Kf7 24. Nd5 c6 25. Nc7 Re2 26. Na6 Rbe8 27. Rf2 Re1+ 28. Rf1 Rxa1 29. Rxa1 Re2 30. Kf1 Rb2 31. Re1 d5 32. Nb8 Bd3+ 33. Kg1 Be4 34. Nxc6 Rxg2+ 35. Kf1 Rxa2 36. Ne5+ Ke6 37. cxd5+ Kxd5 38. Rd1+ Ke6 39. h4 Kf5 40. Rd4 Kxf4 41. Nc4 Kf3 42. Nd2+ Ke3 43. Rxe4+ Kxd2 44. Re2+ Kc3 45. Rxa2 Kxb3 46. Rxa7 h5 47. Rxg7 b5 48. Ke2 Kc3 49. Rg5 b4 50. Rc5+ Kd4 51. Rxh5 Kc3 52. Rc5+ Kd4 53. Rb5 Kc4 54. Rxb4+ Kxb4 55. h5 Kc5 56. h6 Kc6 57. h7 Kc5 58. h8=Q Kc4 59. Qe5 Kb3 60. Qb5+ Kc3 61. Qc5+ Kb3 62. Kd3 Ka4 62. Kc4 1/2-1/2,1001,-1,1/2-1/2
000000000011111101111111110110101111111,00000000000001101001000011100111100110,1. e4 e5 2. Nf3 Nf6 3. Nc3 Bc5 4. Bc4 d6 5. O-O Bg4 6. a3 Nc6 7. b4 Bb6 8. d3 Nd4 9. Be3 Nxf3+ 10. gxf3 Bh3 11. Re1 Nh5 12. Kh1 Qh4 13. d4 Nf4 14. Rg1 O-O 15. Nd5 c6 16. Nxb6 axb6 17. dxe5 b5 18. Bxf4 Qxf4 19. Bb3 dxe5 20. Rg3 Rfd8 21. Qg1 g6 22. Rxh3 Rd2 23. Qg3 Qxg3 24. Rxg3 Rxf2 25. Rd1 b6 26. Kg1 Re2 27. Rd7 Rxa3 28. Kf1 Rxh2 29. Kg1 Ra1+ 30. Kxh2 Ra4 31. Bxf7+ Kh8 32. Rd8+ Kg7 33. Rd7 Kh8 34. Rh3 Rxb4 35. Bxg6 Kg8 36. Bxh7+ Kf8 37. Bf5 Kg8 38. Be6+ Kf8 38. Rh8# 1-0,1002,-1,1/2-1/2
000000000000100011101011110100101001101001101101011011110110101101011,00000000000000000100000011100110101000100011000000000010001000110000,1. d4 d5 2. c4 Nf6 3. Nc3 e6 4. Bg5 Be7 5. e3 O-O 6. Bf4 h6 7. Nf3 Nbd7 8. Bg3 dxc4 9. h3 a6 10. Bxc4 b5 11. Bd3 Bb7 12. O-O c5 13. a3 c4 14. Bc2 Nb6 15. b3 cxb3 16. Bxb3 Rc8 17. Ne2 Ne4 18. Bf4 Nd5 19. Ne5 Nxf4 20. Nxf4 Nc3 21. Qg4 Bg5 22. h4 Bxf4 23. exf4 Qxd4 24. Nxf7 Rxf7 25. Bxe6 Rf8 26. Rae1 Bd5 27. Bxf7+ Bxf7 28. Re7 Nd5 29. Rd7 Qxf4 30. Qxf4 Nxf4 31. Re1 a5 32. g3 Nh3+ 33. Kg2 Nxf2 34. Kxf2 b4 35. axb4 Be6+ 36. Kg1 Bxd7 37. bxa5 Ra8 38. Ra1 Bb5 39. Kf2 Bd7 40. Ke3 Kf7 41. Kd4 Ke6 42. Kc5 Ke5 43. a6 Rc8+ 44. Kb6 Rc6+ 45. Kb7 Kd6 46. a7 Rc7+ 47. Kb8 Rc8+ 48. Kb7 Bc6+ 49. Kxc8 Bd7+ 50. Kd8 Bc6 51. Ra6 Kc5 52. a8=Q Bxa8 53. Rxa8 Kd4 54. h5 Ke5 55. Ke7 Kf5 56. Ra5+ Kg4 57. Kf7 g5 58. hxg6 h5 59. g7 Kf3 60. g8=Q h4 61. gxh4 Kf4 62. h5 Ke4 63. h6 Kd4 64. h7 Kc3 65. h8=Q+ Kb4 66. Qb8+ Kc4 67. Qh4+ Kd3 68. Qb2 Ke3 68. Ra3# 1-0,1002,-1,1/2-1/2
000000000011111111111111111111111,00000000000000100000010010110000,1. e4 e5 2. Nf3 Nf6 3. Nxe5 Nxe4 4. d4 Qe7 5. Bd3 d6 6. Bxe4 dxe5 7. O-O g6 8. dxe5 Bg7 9. Re1 O-O 10. Bf4 c6 11. Nd2 Nd7 12. Nc4 Nc5 13. Bf3 Be6 14. Nd6 Rad8 15. Qd4 Nd7 16. Rad1 c5 17. Qe3 b6 18. Bg5 f6 19. exf6 Bxf6 20. Bd5 Bxg5 21. Qxe6+ Qxe6 22. Bxe6+ Kg7 23. Bxd7 Rxd7 24. Ne8+ Kf7 25. Rxd7+ Kg8 26. Rg7+ Kh8 27. Rd7 Kg8 28. Nd6 b5 29. Ne4 c4 30. Nxg5 a5 31. Rxh7 b4 32. Re6 c3 32. Rxg6# 1-0,1002,-1,1/2-1/2
00000000000000100000010000000,00000000001111111010011111111,1. d4 d5 2. c4 c6 3. e4 e6 4. cxd5 exd5 5. e5 Ne7 6. Be2 Ng6 7. Nf3 h6 8. Bd2 Be7 9. Nc3 O-O 10. O-O Qe8 11. Bd3 Be6 12. Re1 c5 13. dxc5 Bxc5 14. Bb5 Nc6 15. Na4 Be7 16. Rc1 Rc8 17. Nc5 Bxc5 18. Rxc5 a6 19. Ba4 Qe7 20. Qc1 Ncxe5 21. Nxe5 Rxc5 22. Nxg6 fxg6 23. Qb1 Qf6 24. Be3 d4 25. Bd2 Qxf2+ 26. Kh1 Qxd2 27. Rxe6 Rc1+ 28. Qxc1 Qxc1+ 29. Bd1 Rf1# ,1003,-1,1/2-1/2
0000000000000010000000111000001001000101010100000010,000000000011010100000100101000001000011100000010011,1. e4 e5 2. Nf3 Nc6 3. Bc4 Na5 4. d4 Nxc4 5. O-O exd4 6. Qxd4 Nd6 7. e5 Nf5 8. Qe4 d6 9. exd6+ Nge7 10. dxe7 Nxe7 11. Bg5 Qd5 12. Qxd5 Nxd5 13. Re1+ Be6 14. Nc3 Nxc3 15. bxc3 Be7 16. Bxe7 Kxe7 17. Ng5 Rad8 18. Rad1 Rxd1 19. Rxd1 Bxa2 20. Re1+ Kf6 21. Ne4+ Kf5 22. Ng3+ Kg6 23. Ra1 Bc4 24. Rxa7 Rd8 25. h4 Rd1+ 26. Kh2 Rd2 27. Rxb7 Bd5 28. Rxc7 Rxc2 29. h5+ Kg5 30. Rc5 Rxf2 31. Ne4+ Kf4 32. Nxf2 Ke3 33. Rxd5 Kf4 34. g3+ Kf3 35. Rf5+ Ke3 36. Rxf7 g6 37. hxg6 hxg6 38. Rf6 g5 39. c4 Kd4 40. Rf5 Kxc4 41. Rxg5 Kd4 42. g4 Ke3 43. Rf5 Kd4 44. g5 Ke3 45. g6 Kd4 46. g7 Ke3 47. g8=Q Kd2 48. Qe8 Kc3 49. Rd5 Kc4 50. Qc6+ Kb3 51. Rb5+ Ka4 51. Qa6# 1-0,1003,-1,1/2-1/2
000000000000100100000000100001101001,000000000000100100101110100010101000,1. d4 e5 2. dxe5 f6 3. exf6 Nxf6 4. Nc3 g6 5. e4 Bg7 6. Bd3 O-O 7. Nf3 d5 8. exd5 Nxd5 9. Nxd5 Qxd5 10. O-O Bg4 11. Be2 Qxd1 12. Rxd1 Nc6 13. Kf1 h6 14. h3 Bxf3 15. Bxf3 Nd4 16. Bxb7 Rae8 17. Bd5+ Kh8 18. c3 Nc2 19. Rb1 Ne3+ 20. Bxe3 Rxe3 21. Re1 Rd3 22. Be4 Rd2 23. Bxg6 Rfxf2+ 24. Kg1 Rxg2+ 25. Kh1 Rh2+ 26. Kg1 Rdg2+ 27. Kf1 Rxg6 28. Re8+ Kh7 29. Rbe1 Rf6+ 30. Kg1 Rxh3 31. R1e7 Rg6+ 32. Kf2 Rh2+ 33. Kf1 Rd6 34. Kg1 Rxb2 35. Rxc7 Rd1+ 36. Re1 Rxe1# ,1003,-1,1/2-1/2
0000000000111111111111111111111111111111111111111111111,0000000000111111111111110111111111111111111111111111111,1. e4 c6 2. Nf3 d5 3. e5 e6 4. d4 c5 5. Ng5 Nc6 6. Bb5 Be7 7. Bxc6+ bxc6 8. Qf3 Bxg5 9. Bxg5 Qxg5 10. dxc5 Qc1+ 11. Qd1 Qxb2 12. Nd2 Qxe5+ 13. Kf1 Qc7 14. Qg4 f6 15. Qh5+ Kf8 16. Rb1 g6 17. Qf3 h5 18. c4 g5 19. h4 g4 20. Qa3 e5 21. cxd5 cxd5 22. Kg1 Bf5 23. Rb3 Kf7 24. Kh2 Ne7 25. Rc1 e4+ 26. g3 Rab8 27. Rxb8 Rxb8 28. Nf1 Be6 29. Ne3 d4 30. Ng2 d3 31. Nf4 Qc6 32. Re1 Bf5 33. Ng2 Rb5 34. Ne3 Qxc5 35. Qxc5 Rxc5 36. Rb1 Bc8 37. Kg2 Nc6 38. Rb2 Ne5 39. f4 exf3+ 40. Kf2 Nc4 41. Rb8 d2 42. Nd1 Ke6 43. a4 Ke5 44. Ra8 Kd4 45. Rb8 Bd7 46. Rd8 Rd5 47. Rf8 Bxa4 48. Rxf6 Bxd1 49. Rf4+ Kc3 50. Rf8 Ba4 51. Rxf3+ gxf3 52. g4 d1=Q 53. gxh5 Rd4 54. h6 Qe2+ 55. Kg3 Qg2# ,1003,-1,1/2-1/2
000000000010000000000001000010,000000000010001100010001101110,1. e4 e5 2. d4 Nc6 3. d5 Qh4 4. dxc6 Bc5 5. Nh3 Qxe4+ 6. Be2 Qxg2 7. Rg1 Qxh3 8. cxd7+ Bxd7 9. Qd5 Bxf2+ 10. Kxf2 Qxh2+ 11. Qg2 Qxg2+ 12. Rxg2 Nf6 13. Rxg7 O-O-O 14. Rxf7 Ne4+ 15. Ke3 Nd6 16. Rf6 h5 17. Nc3 h4 18. Bd2 h3 19. Rh1 h2 20. Rf2 Nf5+ 21. Ke4 Ng3+ 22. Kxe5 Nxh1 23. Rf1 Ng3 24. Rd1 Rde8+ 25. Kf4 Nxe2+ 26. Kf3 Nxc3 27. Bxc3 Rh3+ 28. Kg2 Re2+ 29. Kf1 Rhe3 30. Bd4 h1=Q# ,1003,-1,1/2-1/2
00000000000000000000000000000000000000000000000,00000000001011111111111111011111101011111111011,1. e4 e5 2. Qf3 Qh4 3. g3 Qe7 4. Bc4 d6 5. d4 f6 6. dxe5 dxe5 7. Qh5+ g6 8. Qf3 h5 9. h4 Be6 10. Bxe6 Qxe6 11. Nc3 Nc6 12. Nd5 O-O-O 13. Be3 Nb4 14. Nxb4 Bxb4+ 15. c3 Bf8 16. Bxa7 b6 17. Ne2 Kb7 18. Bxb6 cxb6 19. O-O Rh7 20. Rad1 Rhd7 21. Rxd7+ Qxd7 22. b4 Qd3 23. Qxd3 Rxd3 24. Nc1 Rxc3 25. Ne2 Rc2 26. Re1 Bxb4 27. Rb1 Bc5 28. Kf1 Rxa2 29. Nc3 Rxf2+ 30. Ke1 Rg2 31. Nd5 Rg1+ 32. Kd2 Rxb1 33. Kc2 Rg1 34. Kc3 Rxg3+ 35. Kc4 Rh3 36. Kb5 Rxh4 37. Nxb6 Bxb6 38. Kc4 Rxe4+ 39. Kd5 Rd4+ 40. Ke6 Rd8 41. Kf7 g5 42. Kg6 h4 43. Kh5 h3 44. Kg4 h2 45. Kg3 h1=Q 46. Kg4 Nh6+ 47. Kg3 Rd3# ,1004,-1,1/2-1/2
00000000001011111111111111111111111,0000000000000000000000000000000000,1. d4 d5 2. Nf3 c6 3. c4 e6 4. Nc3 f5 5. e3 Nf6 6. Be2 Bd6 7. O-O O-O 8. a3 Nbd7 9. Qc2 Ne4 10. Bd3 Ndf6 11. Ne5 Bxe5 12. dxe5 Ng4 13. f3 Qh4 14. fxg4 Qxg4 15. cxd5 cxd5 16. Nxe4 dxe4 17. Bc4 Bd7 18. Qd1 Rad8 19. Qxg4 fxg4 20. Bd2 Rxf1+ 21. Rxf1 b5 22. Bb3 a5 23. Bxa5 Ra8 24. Bb4 Rc8 25. Rd1 Bc6 26. Bxe6+ Kh8 27. Bxc8 h6 28. Rd6 Be8 29. Rd8 Kh7 30. Rxe8 Kg6 31. e6 Kf6 32. Rf8+ Kg6 33. e7 Kh7 34. e8=Q h5 34. Qxh5# 1-0,1004,-1,1/2-1/2
000000000000001001101,00000000000000000000,1. d4 e6 2. c4 Qf6 3. Nf3 Nh6 4. e4 e5 5. Nxe5 Ng4 6. Nxg4 Bb4+ 7. Nc3 Qf4 8. Bd3 d6 9. Bxf4 Bxg4 10. Qxg4 Bxc3+ 11. bxc3 Nc6 12. Qxg7 O-O-O 13. Qxf7 Rhf8 14. Qxh7 Rxf4 15. Rb1 b6 16. d5 Ne5 17. Be2 Rdf8 18. c5 Rxf2 19. Ba6+ Kb8 20. cxb6 cxb6 20. Qb7# 1-0,1004,-1,1/2-1/2
000000000001000100000111000110100001000001100010010000,000000000001010101100111000100000000100010000001010100,1. e4 a6 2. Nf3 b5 3. a3 Bb7 4. Nc3 e6 5. d4 b4 6. axb4 Bxb4 7. Bd2 Bxc3 8. Bxc3 d5 9. Bd3 dxe4 10. Bxa6 Nxa6 11. Ne5 Nf6 12. O-O O-O 13. f3 exf3 14. Rxf3 Bxf3 15. Qxf3 Nd5 16. Ra4 f6 17. Nc6 Qd6 18. Nb4 Ndxb4 19. Bxb4 Qxd4+ 20. Kh1 Nxb4 21. Rxa8 Rxa8 22. Qxa8+ Kf7 23. h3 Qd1+ 24. Kh2 Qd6+ 25. g3 Nxc2 26. h4 Qd2+ 27. Kh3 Ne3 28. g4 Nf1 29. Qh1 Qd3+ 30. Kg2 Ng3 31. Qh3 Ne2 32. Qxd3 Nf4+ 33. Kf3 Nxd3 34. b3 Ne5+ 35. Kf4 Nd3+ 36. Ke3 Nc5 37. b4 Na4 38. Kd4 Nb6 39. Kc5 Ke7 40. Kc6 Kd8 41. b5 Nd7 42. b6 cxb6 43. h5 h6 44. Kd6 e5 45. Ke6 b5 46. Kf7 b4 47. Kg6 b3 48. Kxg7 Ke7 49. Kxh6 b2 50. g5 fxg5 51. Kxg5 b1=Q 52. h6 Qg1+ 53. Kh5 Nf6+ 54. Kh4 Qg4# ,1004,-1,1/2-1/2
000000000001001011111101111100,00000000000000000000000000000,1. e4 e5 2. Nf3 d6 3. Be2 Be6 4. O-O Nc6 5. c3 a6 6. d4 exd4 7. Nxd4 Nxd4 8. cxd4 c6 9. f4 Be7 10. f5 Bd7 11. e5 dxe5 12. dxe5 f6 13. e6 Bc8 14. Qxd8+ Bxd8 15. Nc3 Ne7 16. Bf4 O-O 17. g4 Bb6+ 18. Kg2 Nd5 19. Nxd5 cxd5 20. Rac1 d4 21. h4 Rd8 22. Bc7 Bxc7 23. Rxc7 d3 24. Bf3 d2 25. e7 Re8 26. Bd5+ Kh8 27. Rd1 Rb8 28. Bf7 Rxe7 29. Rxe7 b5 29. Re8# 1-0,1004,-1,1/2-1/2
00000000000110100100001000,00000000001111011111101111,1. e4 e5 2. Nf3 Nc6 3. Bc4 Nf6 4. d3 h6 5. c3 d6 6. Bb3 g5 7. Nbd2 g4 8. Nh4 Nxe4 9. Nxe4 Qxh4 10. g3 Qe7 11. O-O f5 12. Nd2 h5 13. Bd5 h4 14. Bxc6+ bxc6 15. Re1 hxg3 16. fxg3 Bb7 17. d4 O-O-O 18. Nb3 Qh7 19. Re2 f4 20. gxf4 g3 21. hxg3 Qh1+ 22. Kf2 Rh2+ 23. Ke3 Qxd1 24. Rxh2 c5 25. dxc5 dxc5 26. Nxc5 Bxc5# ,1006,-1,1/2-1/2
000000000001111101110011101011111,000000000011111111100110111111111,1. e4 e5 2. Nf3 Nc6 3. d4 exd4 4. Nxd4 Nxd4 5. Qxd4 d6 6. Bf4 Nf6 7. Bc4 Be6 8. b3 Be7 9. Nc3 c5 10. Bxe6 cxd4 11. Nd5 fxe6 12. Nxf6+ Bxf6 13. O-O Rc8 14. Rac1 O-O 15. g3 e5 16. Bd2 d5 17. exd5 Qxd5 18. Bb4 Rf7 19. Bd2 e4 20. b4 e3 21. fxe3 dxe3 22. Bxe3 Bd4 23. Bxd4 Qxd4+ 24. Kg2 Qd2+ 25. Kh3 Rxf1 26. Rxf1 Rxc2 27. Kh4 Qxh2+ 28. Kg4 Qe2+ 29. Kf5 Qd3+ 30. Kg4 Qxf1 31. Kh4 Qf5 32. g4 Qf4 33. a3 Rh2# ,1006,-1,1/2-1/2
000000000000000000000001000,000000000001110111101100001,1. h3 d5 2. d4 Nf6 3. a3 h6 4. g4 e6 5. e3 c5 6. Ne2 Nc6 7. b3 a6 8. Bb2 Be7 9. Nbc3 O-O 10. Bg2 cxd4 11. exd4 b5 12. b4 a5 13. Nxb5 axb4 14. axb4 Rxa1 15. Bxa1 Nxb4 16. c3 Ba6 17. cxb4 Bxb5 18. Nc3 Bxb4 19. Qb3 Qa5 20. Bb2 Ne4 21. Bxe4 Rc8 22. Kd2 Ba4 23. Qxa4 Qxa4 24. Bc2 Qa2 25. Ra1 Qxb2 26. Rb1 Qxc3+ 27. Kc1 Qxc2# ,1007,-1,1/2-1/2
00000000000011111100111101011001111111011110110100110,0000000000011111111101110101111011111101111000110100,1. d4 e5 2. d5 e4 3. c4 f5 4. Nc3 Nf6 5. e3 d6 6. Nh3 Be7 7. Nf4 O-O 8. g3 c6 9. h4 cxd5 10. cxd5 Nbd7 11. Ne6 Qa5 12. Nxf8 Ne5 13. Be2 Kxf8 14. Bd2 a6 15. Nb5 Nf3+ 16. Bxf3 Qxb5 17. Be2 Qxb2 18. O-O Bd7 19. Rb1 Qxa2 20. Rxb7 Qxd5 21. Rc7 Bb5 22. Bxb5 axb5 23. Qc1 Qe6 24. Rd1 Ne8 25. Rb7 Rc8 26. Qb2 Bxh4 27. gxh4 Qg6+ 28. Kh2 Qg4 29. Rh1 Qxh4+ 30. Kg1 Qg4+ 31. Kf1 Qd1+ 32. Be1 Rc2 33. Rxh7 Qe2+ 34. Kg2 Qg4+ 35. Kh1 Kg8 36. Rhxg7+ Nxg7 37. Qxc2 Qg6 38. Qa2+ Ne6 39. Rb8+ Kg7 40. Bc3+ Kh6 41. Rh8+ Kg5 42. f4+ exf3 43. Qh2 f4 44. exf4+ Nxf4 45. Qh4+ Kf5 46. Rf8+ Ke4 47. Qxf4+ Kd5 48. Qxf3+ Ke6 49. Rf6+ Ke7 50. Rxg6 d5 51. Qxd5 b4 52. Bxb4+ Ke8 52. Rg8# 1-0,1007,-1,1/2-1/2
00000000000011010010010101000110,00000000001111111010111111111111,1. Nf3 d5 2. Nc3 c6 3. h4 Bg4 4. h5 Bxh5 5. Rxh5 g6 6. Rh3 Bh6 7. Ne5 f6 8. Ng4 Bg7 9. f3 e5 10. d3 Ne7 11. e4 f5 12. exf5 Nxf5 13. Nh6 Nd4 14. Ne2 Ne6 15. Ng4 Nd7 16. c3 Qb6 17. d4 exd4 18. cxd4 Nxd4 19. Be3 Qb4+ 20. Bd2 Qxb2 21. Bc3 Nc2+ 22. Kf2 Qb6+ 23. Kg3 Bxc3 24. Rb1 Ne3 25. Rxb6 Nxd1 26. Rxb7 Be1+ 27. Kf4 O-O+ 28. Kg5 Rf5+ 29. Kh6 Bd2+ 30. f4 Rxf4 31. Rb8+ Rxb8 32. Nxf4 Bxf4# ,1008,-1,1/2-1/2
00000000001111011101111111111001111111,0000000000100110000000000111011001000,1. d4 c6 2. Nf3 d5 3. e3 Bf5 4. Nbd2 e6 5. Qe2 c5 6. e4 Bxe4 7. Nxe4 dxe4 8. Qxe4 Nf6 9. Qxb7 Nbd7 10. dxc5 Bxc5 11. Bb5 O-O 12. Bxd7 Nxd7 13. O-O Rb8 14. Qe4 Nf6 15. Qh4 Be7 16. Qa4 Ra8 17. c4 a5 18. Be3 Ne4 19. Rad1 Qc7 20. Rd7 Qc8 21. Rxe7 Nc5 22. Bxc5 Qxc5 23. Rd7 Rab8 24. Qc2 Rfd8 25. Rxd8+ Rxd8 26. Rd1 Rb8 27. Nd2 Qf5 28. Qxf5 exf5 29. c5 Rxb2 30. c6 Rc2 31. Nb3 Kf8 32. Nd4 Rxa2 33. c7 Rc2 34. Nxc2 Ke7 35. c8=R a4 36. Rc7+ Ke6 37. f4 Kf6 37. Rd6# 1-0,1008,-1,1/2-1/2
0000000000010001011011111111111011100010010111111011010111111001011011111001100110,0000000000000000001010001110000000010000000000110000011100100010000100010001000000,1. e4 e6 2. e5 d5 3. d4 Nc6 4. Bb5 a6 5. Bxc6+ bxc6 6. c3 c5 7. Nf3 Be7 8. dxc5 Bxc5 9. Be3 Bb6 10. Qa4+ Bd7 11. Qg4 g6 12. Bxb6 cxb6 13. O-O Nh6 14. Qd4 Nf5 15. Qb4 a5 16. Qf4 O-O 17. Nbd2 Bb5 18. Rfe1 Rc8 19. Rad1 Qe7 20. Nd4 Nxd4 21. Qxd4 Bd7 22. h4 b5 23. Nf3 Rc4 24. Qe3 Re4 25. Qh6 Rxe1+ 26. Rxe1 Bc6 27. Rd1 f5 28. exf6 Rxf6 29. Qe3 b4 30. Rc1 bxc3 31. Qxc3 Bb5 32. Qc8+ Rf8 33. Qc2 Bc4 34. b3 Bb5 35. a4 Ba6 36. Qc6 Rc8 37. Qxa6 Rxc1+ 38. Kh2 Qc7+ 39. g3 Qc2 40. Qxe6+ Kg7 41. Qe7+ Kh6 42. Qf8+ Kh5 43. Kh3 Qf5+ 44. Qxf5+ gxf5 45. Kg2 Rb1 46. Nd4 Kg4 47. f3+ Kh5 48. Kh3 Kg6 49. g4 fxg4+ 50. fxg4 Rh1+ 51. Kg3 Rd1 52. h5+ Kg5 53. Ne6+ Kf6 54. Nf8 h6 55. Nh7+ Kg7 56. g5 Kxh7 57. g6+ Kg7 58. Kf2 Rb1 59. Ke3 Rxb3+ 60. Kf2 d4 61. Ke2 d3+ 62. Kd2 Ra3 63. Ke3 Kg8 64. Kd2 Rxa4 65. Kxd3 Rh4 66. Kc2 Rxh5 67. Kd3 Rg5 68. Kc4 Rg4+ 69. Kc3 Rxg6 70. Kb3 h5 71. Kc4 h4 72. Kd5 h3 73. Ke5 h2 74. Kf5 h1=Q 75. Kxg6 a4 76. Kf5 a3 77. Ke5 a2 78. Kd4 a1=Q+ 79. Kc5 Qhd1 80. Kc6 Qac1+ 81. Kb5 Qb3+ 82. Ka5 Qa1# ,1008,-1,1/2-1/2
0000000000010010100010001000010000100000000000100010000000000101,000000000000000000000000000000000000000000000000000000000000000,1. e4 e5 2. d4 Nc6 3. c3 exd4 4. Bc4 Bc5 5. Nf3 Nf6 6. e5 Ne4 7. O-O O-O 8. Re1 dxc3 9. Rxe4 Na5 10. Bd5 c6 11. Bc4 d5 12. exd6 Nxc4 13. Rxc4 Bxd6 14. Nxc3 Be6 15. Rd4 Bc5 16. Rxd8 Raxd8 17. Qf1 b5 18. Be3 Bxe3 19. fxe3 Bc4 20. Qf2 b4 21. Ne2 Bxe2 22. Qxe2 c5 23. Rd1 Rxd1+ 24. Qxd1 c4 25. b3 c3 26. Nd4 Rd8 27. Kf2 a5 28. Ke2 g6 29. Qd3 f5 30. Qc4+ Kg7 31. Ne6+ Kf6 32. Nxd8 Kg5 33. Nf7+ Kf6 34. Nd6 Ke5 35. Nb7 f4 36. Qxf4+ Kd5 37. Qd4+ Kc6 38. Nxa5+ Kb5 39. Nc4 c2 40. Qb2 c1=Q 41. Qxc1 Kc5 42. Ne5+ Kd5 43. Nf7 Ke6 44. Ng5+ Kf6 45. Nxh7+ Kg7 46. Ng5 Kh6 47. e4 Kh5 48. e5 Kg4 49. e6 Kf5 50. e7 Kf6 51. e8=Q Kf5 52. Qc5+ Kg4 53. Qxg6 Kf4 54. Qxb4+ Ke5 55. Qge4+ Kf6 56. Nh7+ Kg7 57. Qh4 Kg6 58. Qbg4+ Kf7 59. Qhh5+ Ke7 60. Qgg6 Kd7 61. Qhh6 Kc7 62. Qb6+ Kd7 63. Qhd6+ Ke8 63. Qe6# 1-0,1008,-1,1/2-1/2
00000000000100010110,00000000001110001111,1. e4 e5 2. Nf3 Nc6 3. Bc4 h6 4. c3 Nf6 5. d3 d5 6. exd5 Nxd5 7. b4 Nf6 8. O-O Bg4 9. Qb3 Qe7 10. Nbd2 Bxf3 11. Nxf3 Nd7 12. Re1 Qf6 13. d4 Be7 14. dxe5 Ncxe5 15. Nxe5 Nxe5 16. Rxe5 Qxe5 17. Bxf7+ Kf8 18. Be3 Rd8 19. Re1 Rd6 20. Bc5 Qxe1# ,1010,-1,1/2-1/2
0000000000111111111110110110110111111111111111111100101111111,0000000000110010011001010000111100101111100011011111101101111,1. e4 d5 2. exd5 Qxd5 3. Nc3 Qd6 4. d4 a6 5. Bc4 Nf6 6. Bg5 Bg4 7. f3 Bh5 8. Bxf6 gxf6 9. Nge2 Nc6 10. Ne4 Qb4+ 11. Nd2 Bg6 12. a3 Qb6 13. Bd5 Nxd4 14. Nc4 Nxc2+ 15. Qxc2 Bxc2 16. Nxb6 cxb6 17. Bxb7 Rb8 18. Bc6+ Kd8 19. Rc1 Bb3 20. Nd4 Be6 21. Nxe6+ fxe6 22. O-O Bh6 23. Rfd1+ Kc7 24. Rd7+ Kc8 25. Bb7+ Kxd7 26. Rd1+ Kc7 27. Bxa6 Rhd8 28. Rc1+ Kd6 29. Rc3 f5 30. g4 fxg4 31. fxg4 Bg7 32. Rb3 Kc7 33. Bc4 Bd4+ 34. Kg2 e5 35. Kg3 e4 36. Rb5 e3 37. Be2 Rf8 38. Rf5 Rxf5 39. gxf5 Bxb2 40. Kf3 Bxa3 41. Kxe3 Kd6 42. Kf3 Ke5 43. Bd3 b5 44. h4 b4 45. Bc4 Rf8 46. h5 Rxf5+ 47. Kg3 Rxh5 48. Kg2 Kd4 49. Ba2 Kc3 50. Kg3 b3 51. Bb1 Kb2 52. Kg4 Kxb1 53. Kxh5 Ka1 54. Kh6 b2 55. Kg5 b1=Q 56. Kf4 Bd6+ 57. Ke3 Qb3+ 58. Kf2 Bc5+ 59. Ke2 Kb1 60. Ke1 Qf3 61. Kd2 Bb4# ,1011,-1,1/2-1/2
00000000001110110110111101110111111111111111101111111111101011111111111111111101111,0000000000110010101110111101110110111110010011010101101111110010010110111011110011,1. e4 c5 2. Nf3 Nc6 3. d4 cxd4 4. Nxd4 e5 5. Nxc6 bxc6 6. Bc4 Bb7 7. O-O d5 8. exd5 cxd5 9. Bb5+ Ke7 10. Bg5+ f6 11. Bd2 Kf7 12. c4 a6 13. Ba4 dxc4 14. Nc3 Bb4 15. b3 Ne7 16. bxc4 Bxc3 17. Bxc3 Qxd1 18. Raxd1 Rhd8 19. f3 Bc6 20. Bxc6 Nxc6 21. Rxd8 Nxd8 22. Rb1 Ne6 23. Rb7+ Kg6 24. Rb6 Kf7 25. Rb7+ Kf8 26. Rb6 Kf7 27. Rb7+ Kf8 28. Bb4+ Kg8 29. Rb6 Kf7 30. Rb7+ Kg6 31. Rb6 Nd4 32. Bd6 Kf5 33. c5 Ke6 34. Bf8+ Kf7 35. Bd6 Ke6 36. Rb7 Rg8 37. Ra7 Nc6 38. Rxa6 Kd5 39. h4 h5 40. Ra3 g5 41. hxg5 Rxg5 42. Rd3+ Kc4 43. Rd1 h4 44. Kh2 Rg3 45. a4 Rg8 46. Rc1+ Kd5 47. Rd1+ Ke6 48. Bc7 Nd4 49. Bb6 Kd5 50. c6 Kxc6 51. Bxd4 exd4 52. Rxd4 Kc5 53. Rxh4 Kd5 54. a5 Ra8 55. Ra4 Ra6 56. Kg3 Ke6 57. Kf4 Ke7 58. Kf5 Kf7 59. f4 Kg7 60. g4 Kf7 61. Ra1 Kg7 62. Ke4 Kg6 63. Kd4 Kf7 64. f5 Ke7 65. Kc5 Kd7 66. Kb5 Ra7 67. a6 Kc7 68. Re1 Ra8 69. a7 Rd8 70. Re7+ Kd6 71. Re6+ Kc7 72. Rxf6 Kd7 73. Ra6 Ra8 74. Kb6 Kc8 75. g5 Kd7 76. g6 Rf8 77. g7 Rg8 78. a8=Q Rxa8 79. Rxa8 Ke7 80. g8=Q Kf6 81. Ra5 Ke7 82. Qg7+ Kd6 82. Qc7# 1-0,1011,-1,1/2-1/2
000000000001110100100111011101100111011111,00000000001111101110111110010101111111110,1. e4 d6 2. d4 e6 3. Nc3 Ne7 4. Nf3 Nd7 5. Be3 g6 6. Qd2 Bg7 7. O-O-O O-O 8. Bb5 Nb6 9. Bh6 c6 10. Bd3 d5 11. e5 Nf5 12. Bxg7 Kxg7 13. h4 h5 14. Rdg1 Rh8 15. g4 hxg4 16. Rxg4 Nh6 17. h5 Nxg4 18. h6+ Nxh6 19. Ne2 Nf5 20. Rxh8 Qxh8 21. Bxf5 exf5 22. b3 Qh1+ 23. Ne1 f4 24. Nxf4 Bf5 25. Kb2 Qh6 26. Neg2 g5 27. Ne3 gxf4 28. Nxf5+ Kg6 29. Nxh6 Kxh6 30. Qxf4+ Kg7 31. Qf6+ Kf8 32. e6 Kg8 33. Qxf7+ Kh8 34. f4 Rd8 35. Qf6+ Kh7 36. Qxd8 Nc4+ 37. bxc4 Kg6 38. e7 Kf5 39. e8=Q Kxf4 40. Qf6+ Kg3 41. Qeg6+ Kh3 41. Qh8# 1-0,1012,-1,1/2-1/2
00000000001111000000,0000000000000000000,1. d4 d5 2. c4 e6 3. e3 Nf6 4. a3 Nc6 5. Nd2 Ne4 6. Ngf3 f5 7. Be2 Be7 8. cxd5 exd5 9. Bb5 Bd7 10. Bxc6 Bxc6 11. Ne5 Qd6 12. a4 O-O-O 13. b4 Qxb4 14. O-O Nc3 15. Qc2 Ne2+ 16. Kh1 Nxc1 17. Rfxc1 Rhf8 18. Nxc6 bxc6 19. Qxc6 Qxd2 19. Qxc7# 1-0,1012,-1,1/2-1/2
00000000000100000000001000110111000000010000100001000,00000000001100011011111111100111011010111001111101101,1. c4 e6 2. Nc3 Ne7 3. g3 c6 4. e4 d5 5. d3 dxe4 6. Nxe4 Nd7 7. Bg2 Ne5 8. h3 Nxd3+ 9. Kf1 Nxc1 10. Qxc1 Qd3+ 11. Ne2 Nf5 12. c5 Nd4 13. Nd6+ Bxd6 14. cxd6 Qxe2+ 15. Kg1 O-O 16. Kh2 Nf3+ 17. Bxf3 Qxf3 18. Rf1 Rd8 19. Qd1 Qf6 20. f4 Qxb2+ 21. Kg1 Qa3 22. Rf3 Qxd6 23. Qxd6 Rxd6 24. f5 exf5 25. Re1 Be6 26. g4 fxg4 27. hxg4 Bxg4 28. Rfe3 h6 29. Re8+ Rxe8 30. Rxe8+ Kh7 31. Re4 Be6 32. a3 Rd3 33. a4 Ra3 34. Rb4 g5 35. Rxb7 Rxa4 36. Rc7 Bd5 37. Kf2 Ra2+ 38. Ke3 Kg6 39. Kd4 g4 40. Re7 Ra4+ 41. Kc5 g3 42. Re1 g2 43. Rg1 Ra2 44. Kd6 Kf5 45. Ke7 h5 46. Kd6 h4 47. Kc5 h3 48. Kd6 h2 49. Rxg2 Rxg2 50. Kd7 h1=Q 51. Kd6 Qh2+ 52. Kc5 Rc2+ 53. Kd4 Qd2# ,1012,-1,1/2-1/2
00000000001111101111111011111111111111111101111111111,0000000000000000000000011100000010000000000000100100,1. Nf3 e6 2. e4 Nc6 3. d4 e5 4. dxe5 Qe7 5. Nc3 Nxe5 6. Nxe5 Qxe5 7. g3 Bb4 8. Bf4 Qe6 9. Qe2 Bxc3+ 10. bxc3 Nf6 11. Bxc7 Nxe4 12. Bg2 Nxc3 13. Qxe6+ dxe6 14. Be5 Nd5 15. Bxg7 Rg8 16. Be5 f6 17. Bxd5 exd5 18. Bxf6 Bf5 19. c3 Rc8 20. Bd4 Be4 21. Rf1 Bg2 22. Rg1 Bf3 23. Kd2 Rg4 24. Rge1+ Re4 25. Bxa7 Ra8 26. Bd4 Ra3 27. Re3 Rxe3 28. Kxe3 Be4 29. g4 b5 30. f3 Bg6 31. Kf4 Ra4 32. a3 Kd7 33. Kg5 Bd3 34. f4 Ke6 35. Re1+ Kd6 36. f5 Rxa3 37. Re6+ Kd7 38. Rh6 b4 39. Rxh7+ Kc6 40. cxb4 Kb5 41. Ra7 Kxb4 42. Rxa3 Kxa3 43. f6 Kb4 44. f7 Kc4 45. f8=Q Kxd4 46. Qb4+ Bc4 47. Kf4 Kd3 48. g5 d4 49. g6 Ke2 50. Qxc4+ Kd2 51. Qxd4+ Ke2 52. Kg3 Kf1 52. Qd1# 1-0,1013,-1,1/2-1/2
00000000001000110011101110010,0000000000100000010000010000,1. h3 e6 2. d4 d6 3. Bf4 Nd7 4. e3 Be7 5. Nf3 Nb6 6. Bh2 Bd7 7. Be2 Nf6 8. O-O Nfd5 9. Nbd2 c5 10. c4 Nb4 11. a3 Na6 12. b4 cxb4 13. axb4 Nxb4 14. Rb1 a5 15. Ra1 O-O 16. Qb1 d5 17. c5 Nc4 18. Nxc4 dxc4 19. Ne5 Bb5 20. Bxc4 Bxc4 21. Nxc4 Nd5 22. Qxb7 Rb8 23. Bxb8 Qxb8 24. Qxb8 Rxb8 25. Nxa5 Nc3 26. Nc6 Re8 27. Nxe7+ Rxe7 28. Ra8+ Re8 28. Rxe8# 1-0,1014,-1,1/2-1/2
000000000010010000111110011000100101000011001110001110101101110100,000000000010100111100000111110100111110110111100110001100110000011,1. e4 c5 2. Bc4 d6 3. Qh5 Nf6 4. Qxf7+ Kd7 5. d3 Nc6 6. Be6+ Kc7 7. Bxc8 Rxc8 8. Bf4 h6 9. Nf3 g5 10. Bg3 Nh5 11. Qxh5 Bg7 12. c3 Kb8 13. O-O Qb6 14. b3 Qa5 15. Rc1 Nb4 16. cxb4 cxb4 17. Rxc8+ Rxc8 18. Nbd2 Bxa1 19. h3 Bg7 20. Qg6 Rg8 21. e5 dxe5 22. Bxe5+ Ka8 23. Bxg7 Qxa2 24. Qxh6 Qa1+ 25. Kh2 Qxg7 26. Qxg7 Rxg7 27. Ne4 Rg8 28. Nexg5 b5 29. Ne6 a5 30. Nc7+ Kb7 31. Nxb5 Rd8 32. d4 Kb6 33. Ne5 Kxb5 34. Kg3 Rc8 35. h4 Rc3+ 36. Nf3 Rxb3 37. h5 Rc3 38. h6 Rc6 39. h7 Rh6 40. Ng5 b3 41. d5 b2 42. Ne4 b1=Q 43. Nc3+ Kb4 44. Nxb1 Rxh7 45. f4 Rh1 46. Nd2 a4 47. Nf3 a3 48. f5 a2 49. f6 exf6 50. d6 Rd1 51. Kf4 a1=Q 52. Ke3 Rxd6 53. g4 Qa3+ 54. Kf4 Rd3 55. Kf5 Rxf3+ 56. Kg6 Qa6 57. Kf7 f5 58. Ke7 fxg4 59. Kd7 Rf7+ 60. Ke8 Qa8+ 61. Kxf7 g3 62. Ke7 g2 63. Kd7 g1=Q 64. Ke6 Qe1+ 65. Kd6 Qd8+ 66. Kc6 Qh1# ,1014,-1,1/2-1/2
0000000000011110111011001101010,0000000000101111011011011011101,1. e4 e6 2. Nf3 d5 3. Nc3 Nf6 4. e5 Nfd7 5. d4 c5 6. Ne2 Nc6 7. c3 cxd4 8. cxd4 Be7 9. Nc3 O-O 10. Bb5 f6 11. Bxc6 bxc6 12. exf6 Bxf6 13. O-O e5 14. Nxe5 Nxe5 15. dxe5 Bxe5 16. Re1 Bxh2+ 17. Kxh2 Qh4+ 18. Kg1 Qxf2+ 19. Kh2 Qh4+ 20. Kg1 Qf2+ 21. Kh2 Qh4+ 22. Kg1 Bg4 23. Qd4 Qxe1+ 24. Kh2 Qh4+ 25. Kg1 Qe1+ 26. Kh2 Qh4+ 27. Kg1 Qe1+ 28. Kh2 Qh4+ 29. Kg1 Qe1+ 30. Kh2 Qh4+ 31. Kg1 Qe1+ ,1016,-1,1/2-1/2
0000000000011001001111000110110000100000010111001,000000000000000000010000000000101000100000000000,1. e3 c6 2. Ne2 d5 3. g3 Nf6 4. Bg2 g6 5. d3 Bg7 6. O-O O-O 7. Nd2 h5 8. Nf3 Bg4 9. h3 Bxf3 10. Bxf3 e5 11. Bg2 e4 12. c4 exd3 13. Qxd3 dxc4 14. Qxc4 b5 15. Qc2 a5 16. e4 a4 17. e5 Nd5 18. Bxd5 cxd5 19. e6 fxe6 20. Nf4 Qe8 21. Nxg6 Rf6 22. Nh4 Nc6 23. Bg5 Rf7 24. Qg6 Ne5 25. Qxh5 Nf3+ 26. Nxf3 Rxf3 27. Qxf3 Bxb2 28. Rab1 a3 29. Bc1 Bxc1 30. Qg4+ Kf8 31. Rbxc1 Ra7 32. Qf4+ Rf7 33. Qh6+ Ke7 34. Rc7+ Kd6 35. Rxf7 Qxf7 36. Qf4+ Qxf4 37. gxf4 Kc5 38. h4 Kc4 39. h5 b4 40. h6 b3 41. axb3+ Kxb3 42. h7 a2 43. h8=Q Kc2 44. Qd4 Kb3 45. Ra1 Ka3 46. Qc3+ Ka4 47. Rxa2+ Kb5 48. Rb2+ Ka4 48. Qb4# 1-0,1016,-1,1/2-1/2
0000000000101101101111111111101111111111010100,000000000010000010011110001000111110110010101,1. d4 d5 2. c4 dxc4 3. Nc3 Nc6 4. d5 Ne5 5. e4 e6 6. f4 Ng6 7. Bxc4 exd5 8. Bxd5 c6 9. Bxf7+ Ke7 10. Bxg6 Qxd1+ 11. Kxd1 Bg4+ 12. Nf3 hxg6 13. Ke2 Nf6 14. Be3 Rd8 15. Rad1 Rxd1 16. Rxd1 Kf7 17. h3 Bxf3+ 18. Kxf3 Bb4 19. Rd3 Bxc3 20. bxc3 Ke6 21. c4 Rc8 22. e5 Ne8 23. g4 b5 24. Ke4 bxc4 25. Rd4 c3 26. Rc4 Nc7 27. Rxc6+ Kd7 28. Rxc3 Nb5 29. Rxc8 Kxc8 30. f5 gxf5+ 31. Kxf5 Nc7 32. Bxa7 Nd5 33. Bd4 Ne7+ 34. Ke6 Nc6 35. Kd5 Ne7+ 36. Kd6 Kd8 37. e6 Nc8+ 38. Kd5 Ne7+ 39. Ke4 g6 40. Bf6 Ke8 41. Ke5 Nc6+ 42. Kd6 Nd8 43. e7 Nf7+ 44. Kd5 g5 45. Ke6 Nh8 45. Bxh8 1/2-1/2,1016,-1,1/2-1/2
0000000000011010010111001100010111000,0000000000000001011000110100011001010,1. d4 b5 2. c3 b4 3. Qa4 bxc3 4. bxc3 Bb7 5. e4 Bxe4 6. Bb5 Bxg2 7. Bg5 Bxh1 8. Bxe7 Qxe7+ 9. Kd2 Bd5 10. Na3 g5 11. Re1 Be6 12. d5 Bh6 13. dxe6 g4+ 14. Kc2 fxe6 15. Qxg4 Qxa3 16. Qh5+ Kd8 17. Qh4+ Kc8 18. Rb1 a6 19. Bc4 Qa4+ 20. Kb2 Nc6 21. Nf3 Rb8+ 22. Bb3 Qxh4 23. Nxh4 Nge7 24. Rg1 Rf8 25. f3 Be3 26. Rg3 Bf2 27. Rg2 Bxh4 28. Rg4 Bf6 29. h4 h5 30. Ra4 Nd5 31. Rxa6 Bxc3+ 32. Kc1 Rxf3 33. Rxc6 dxc6 34. Kc2 Bf6 35. Bxd5 cxd5 36. a4 Rb2+ 37. Kc1 Rf1# ,1017,-1,1/2-1/2
00000000000110100001111101001111101100011110000000,00000000001111111111111101111101011101101111111111,1. Nf3 c5 2. d4 cxd4 3. Nxd4 Nf6 4. Nf3 e6 5. Bf4 Bc5 6. e3 Qb6 7. b3 Nc6 8. c4 Nb4 9. Nbd2 d5 10. Be2 dxc4 11. Nxc4 Qd8 12. Qxd8+ Kxd8 13. O-O Nfd5 14. Rfd1 Ke7 15. Be5 f6 16. Bb2 a5 17. e4 Nf4 18. Bf1 e5 19. g3 Nh3+ 20. Bxh3 Bxh3 21. a3 Nc6 22. Rdc1 Rhc8 23. a4 Be6 24. Rab1 Rc7 25. Ba3 Bxa3 26. Nxa3 Rd7 27. Nb5 Rad8 28. Kg2 Rd3 29. Nc3 Nb4 30. Ne1 R3d6 31. h4 Nd3 32. Nxd3 Rxd3 33. b4 axb4 34. Rxb4 R8d7 35. Nd5+ Bxd5 36. exd5 R3xd5 37. Rcb1 Rd4 38. Rxb7 Rxb7 39. Rxb7+ Kf8 40. h5 Rxa4 41. Rb8+ Kf7 42. Rb7+ Kg8 43. Rb8+ Kf7 44. Rb7+ Kf8 45. Rb8+ Ke7 46. Rb7+ Kf8 47. Rb8+ Ke7 48. Rb7+ Kf8 49. Rb8+ Ke7 50. Rb7+ Kf8 ,1017,-1,1/2-1/2
000000000011111111101,00000000001100011011,1. d4 Nf6 2. e3 g6 3. Bd3 Bg7 4. Nf3 O-O 5. h4 c5 6. h5 Nxh5 7. Rxh5 gxh5 8. Nc3 cxd4 9. exd4 d5 10. Be3 Bg4 11. Qd2 Nc6 12. O-O-O e5 13. Nxe5 Nxe5 14. dxe5 Bxd1 15. Qxd1 Bxe5 16. Bxh7+ Kg7 17. Qxh5 Qd6 18. Nb5 Qb4 19. Qh6+ Kh8 20. Bf5+ Kg8 20. Qh7# 1-0,1017,-1,1/2-1/2
00000000000100001000000001100001010000000000000010000000101010010,00000000001000000001000000010000000010001000000101000000000000001,1. e4 e5 2. Nf3 Nc6 3. Bb5 Nf6 4. O-O Bc5 5. Re1 Nd4 6. Nxd4 Bxd4 7. c3 Bb6 8. d4 c6 9. Ba4 d6 10. dxe5 Ng4 11. exd6 Qh4 12. Qd2 Qxh2+ 13. Kf1 Qh1+ 14. Ke2 Qxg2 15. Rf1 Qxe4+ 16. Kd1 Qxa4+ 17. b3 Qe4 18. Re1 Ne3+ 19. Rxe3 Bxe3 20. fxe3 Bg4+ 21. Ke1 Qh1+ 22. Kf2 Qh2+ 23. Ke1 Qxd2+ 24. Bxd2 O-O 25. Na3 Rad8 26. Nc4 b5 27. Ne5 Rxd6 28. Nxg4 Rg6 29. Ne5 Rg1+ 30. Ke2 Rxa1 31. Nxc6 Rxa2 32. c4 bxc4 33. bxc4 Rc8 34. Ne7+ Kf8 35. Nxc8 a5 36. Nb6 a4 37. c5 a3 38. c6 Rc2 39. Kd3 Rxc6 40. Nc4 a2 41. Bc3 h5 42. Ne5 Ra6 43. Nd7+ Ke7 44. Nc5 Ra3 45. Kc2 a1=Q 46. Bxa1 Rxa1 47. Kb2 Re1 48. e4 h4 49. Kc2 h3 50. Nd3 Rxe4 51. Nf2 Re2+ 52. Kd3 Rxf2 53. Ke3 Rg2 54. Kf3 Rg6 55. Kf2 h2 56. Kf1 h1=Q+ 57. Kf2 Qg2+ 58. Ke3 Rf6 59. Kd3 g5 60. Ke3 g4 61. Kd4 g3 62. Ke5 Qe2+ 63. Kd5 g2 64. Kc5 g1=Q+ 65. Kd5 Rd6# ,1018,-1,1/2-1/2
00000000001101111101110110011001010110001000000010000100011101011001100000011001010,0000000000000000000001100100000100110000100101100010000000001001100000001010010100,1. e4 Nf6 2. e5 Nd5 3. d4 d6 4. Nf3 dxe5 5. Nxe5 f6 6. Qh5+ g6 7. Qe2 fxe5 8. Qxe5 e6 9. Qxh8 Nb4 10. Na3 Qe7 11. Bh6 Nxc2+ 12. Nxc2 Nc6 13. Bb5 Bd7 14. Bxf8 Qxf8 15. Qxf8+ Kxf8 16. O-O-O a6 17. Bd3 b5 18. Be4 Rd8 19. d5 exd5 20. Rxd5 Ne7 21. Rdd1 Ke8 22. Nb4 Bc8 23. Rxd8+ Kxd8 24. Rd1+ Ke8 25. Nd3 Bf5 26. Bxf5 gxf5 27. Nc5 a5 28. Ne6 c6 29. Kb1 Kf7 30. Ng5+ Kg6 31. Ne6 Kf6 32. Nf8 Kg7 33. Ne6+ Kf6 34. Nf8 Kg7 35. Ne6+ Kf6 36. Nd8 a4 37. Rd6+ Ke5 38. Re6+ Kd5 39. Rxe7 Kd6 40. Rxh7 c5 41. h4 Ke5 42. h5 Kf6 43. h6 Kg6 44. Rh8 f4 45. h7 Kg7 46. Ne6+ Kxh8 47. Ng5 Kg7 48. g3 fxg3 49. fxg3 b4 50. Kc2 c4 51. b3 cxb3+ 52. axb3 a3 53. Kb1 Kh8 54. Ne6 Kxh7 55. g4 Kg6 56. g5 Kf5 57. Nd4+ Kxg5 58. Ka2 Kf4 59. Nc2 Ke4 60. Nxb4 Kd4 61. Kxa3 Kc5 62. Na2 Kb5 63. b4 Kb6 64. Ka4 Ka6 65. b5+ Kb6 66. Nb4 Kc5 67. Ka5 Kd6 68. b6 Kd7 69. b7 Kc7 70. Ka6 Kb8 71. Nc6+ Kc7 72. b8=Q+ Kxc6 73. Qb6+ Kd5 74. Kb5 Ke4 75. Qc5 Kf4 76. Kc4 Ke4 77. Qg5 Kf3 78. Kd4 Kf2 79. Ke4 Ke2 80. Qg2+ Kd1 81. Ke3 Kc1 82. Qa2 Kd1 82. Qd2# 1-0,1019,-1,1/2-1/2
00000000001001111111101101101000,0000000000000000100000000101000,1. d4 d5 2. Nc3 Nc6 3. e4 Nf6 4. e5 Ne4 5. Qf3 e6 6. Nh3 Bb4 7. Bb5 O-O 8. a3 Nxd4 9. Qd1 Nxb5 10. axb4 Nbxc3 11. bxc3 Nxc3 12. Qd3 Ne4 13. f3 Qh4+ 14. Ke2 Nf2 15. Nxf2 Qxb4 16. Ba3 Qb6 17. Bxf8 Kxf8 18. Qxh7 Qb5+ 19. Nd3 b6 20. Qh8+ Ke7 21. Qxg7 Ba6 22. Qf6+ Kd7 23. Qxf7+ Kc6 24. Rxa6 Qxa6 25. Qxe6+ Kb7 26. Qxd5+ Kb8 27. e6 Qc8 28. e7 a6 29. Ne5 Qe8 30. Nc6+ Kb7 31. Nd8+ Ka7 31. Qb7# 1-0,1019,-1,1/2-1/2
00000000001111111111111111111110110111111111111101111111110111111111111111111111111111,00000000001111011011111110110111101111011111110011011111111011011111111111111111011111,1. e4 Nc6 2. d3 d5 3. a3 dxe4 4. h3 exd3 5. Bxd3 Nf6 6. Qf3 Ne5 7. Qd1 Nxd3+ 8. cxd3 e6 9. Nc3 b6 10. Nf3 Bb7 11. O-O Be7 12. Bf4 O-O 13. d4 Rc8 14. Rc1 c5 15. dxc5 Bxc5 16. Qe2 Qe7 17. Rfd1 Rfd8 18. Rxd8+ Rxd8 19. b4 Bd6 20. Bxd6 Qxd6 21. Nb5 Qb8 22. Ne5 a6 23. Nc3 h6 24. Qe3 Nd5 25. Nxd5 Rxd5 26. Nc4 b5 27. Na5 Ba8 28. Qc3 Kh7 29. Qc7 Qxc7 30. Rxc7 f5 31. Ra7 Rd1+ 32. Kh2 Bd5 33. Rxa6 Rf1 34. f3 Ra1 35. Rb6 Ra2 36. Kg1 Kg6 37. Nc6 Kg5 38. Nd4 Kf4 39. Kh2 Ke3 40. Nxb5 Rc2 41. Kg1 Rc1+ 42. Kh2 Kf2 43. Nd4 Rg1 44. Rd6 Rxg2+ 45. Kh1 Kg3 46. Nxf5+ Kxh3 47. f4 Rh2+ 48. Kg1 Rg2+ 49. Kf1 Bc4+ 50. Ke1 exf5 51. Kd1 Bb3+ 52. Kc1 Ba4 53. Ra6 Bc2 54. a4 Be4 55. a5 Rc2+ 56. Kd1 Rb2 57. Rb6 Kg3 58. Kc1 Rb1+ 59. Kd2 g5 60. fxg5 hxg5 61. Ke3 Rb3+ 62. Kd4 Kf2 63. b5 g4 64. Kc5 g3 65. Rg6 Bd3 66. b6 g2 67. Kd5 g1=Q 68. Rxg1 Kxg1 69. Ke5 Rb5+ 70. Kd4 Be4 71. Kc4 Rxa5 72. Kb4 Ra6 73. Kc5 Bb7 74. Kd6 Rxb6+ 75. Ke5 Bc8 76. Kf4 Rb4+ 77. Ke3 f4+ 78. Kd2 f3 79. Kc3 Rb8 80. Kd3 f2 81. Kd4 f1=Q 82. Ke4 Qf5+ 83. Ke3 Rb4 84. Kd2 Qf2+ 85. Kc3 Qe1+ 86. Kd3 Bf5# ,1019,-1,1/2-1/2
00000000000000100000111000001000011000010100011,0000000000011101111001101010110011101110111010,1. e4 c5 2. Nf3 Nc6 3. Nc3 g6 4. Bb5 Bg7 5. Bxc6 bxc6 6. d4 cxd4 7. Nxd4 Nf6 8. Be3 O-O 9. Qd2 d5 10. Bh6 Bxh6 11. Qxh6 dxe4 12. Nxc6 Qd6 13. Nxe7+ Qxe7 14. O-O-O Rb8 15. Qe3 Ng4 16. Qf4 Qb4 17. b3 Qxc3 18. Qxb8 Qa1+ 19. Kd2 Rd8+ 20. Ke2 Rxd1 21. Qxc8+ Kg7 22. Rxd1 Qb2 23. Qxg4 Qxc2+ 24. Rd2 Qc5 25. Qxe4 Qh5+ 26. f3 Qxh2 27. Kf2 Qc7 28. Qd4+ f6 29. Qd7+ Qxd7 30. Rxd7+ Kh8 31. Rxa7 h5 32. b4 g5 33. b5 g4 34. fxg4 f5 35. gxh5 f4 36. b6 f3 37. gxf3 Kg8 38. b7 Kf7 39. b8=Q+ Ke6 40. Qb5 Kd6 41. Ra6+ Kc7 42. f4 Kd8 43. f5 Kc8 44. f6 Kd8 45. f7 Kc8 46. Qc6+ Kd8 46. f8=Q# 1-0,1020,-1,1/2-1/2
0000000000110000100001111110101011101110010111111000011101001011100110001,000000000010001000111000010000001100000000110010001100011010110000100010,1. e4 c5 2. Nf3 Nc6 3. d4 cxd4 4. Nxd4 a6 5. Nc3 e5 6. Nxc6 dxc6 7. Be2 Qxd1+ 8. Bxd1 Bb4 9. Bd2 Be6 10. O-O Rd8 11. Be3 Nf6 12. f3 O-O 13. a3 Bxc3 14. bxc3 Bc4 15. Re1 Rd7 16. Be2 Bxe2 17. Rxe2 Rfd8 18. Kf2 Rd1 19. Rxd1 Rxd1 20. Rd2 Rxd2+ 21. Bxd2 Nd7 22. c4 Nc5 23. Be3 Na4 24. c5 Nc3 25. Ke1 Nb5 26. a4 Nc7 27. a5 Nb5 28. c4 Nc3 29. Kd2 Na4 30. Kd3 Nb2+ 31. Kc3 Nd1+ 32. Kd2 Nxe3 33. Kxe3 g5 34. g4 Kf8 35. Kd3 Ke7 36. Kc3 Ke6 37. Kc2 f6 38. Kb2 h6 39. Kc3 Kd7 40. Kb4 Kc7 41. h3 Kd7 42. Ka4 Ke6 43. Kb4 Kf7 44. Ka3 h5 45. Kb2 hxg4 46. fxg4 Kg6 47. Kb1 Kf7 48. Kb2 Kg6 49. Kc2 Kf7 50. Kd3 Ke6 51. Ke3 Kd7 52. Kf3 Ke7 53. Kg3 Ke6 54. h4 gxh4+ 55. Kxh4 Kf7 56. g5 f5 57. exf5 Kg8 58. Kg3 Kf7 59. Kg4 b5 60. cxb5 cxb5 61. c6 Ke7 62. c7 Kd7 63. f6 Kxc7 64. f7 b4 65. g6 b3 66. f8=Q b2 67. Qb4 b1=N 68. g7 e4 69. Qb6+ Kd7 70. g8=Q e3 71. Qg7+ Ke8 72. Qxb1 e2 72. Qb8# 1-0,1021,-1,1/2-1/2
000000000011110010111100110011111111111101110,000000000011111111110110111110110111111111111,1. h4 e5 2. g4 d6 3. f3 e4 4. d3 exf3 5. exf3 Be7 6. g5 f6 7. Nh3 fxg5 8. Bxg5 Bxg5 9. hxg5 Bxh3 10. Bxh3 Qxg5 11. Qe2+ Ne7 12. Nc3 Nc6 13. f4 Qxf4 14. Nd5 Qh4+ 15. Kd2 Qg5+ 16. Kc3 Qxd5 17. b3 Qd4+ 18. Kd2 Qf4+ 19. Kc3 Qf6+ 20. Kd2 Qf4+ 21. Kc3 Qd4+ 22. Kd2 Qf4+ 23. Kc3 Qf6+ 24. Kd2 O-O 25. Be6+ Kh8 26. Rxh7+ Kxh7 27. Qh5+ Qh6+ 28. Qxh6+ gxh6 29. Re1 Rf2+ 30. Kc3 Raf8 31. b4 R8f4 32. Bb3 Nf5 33. Re4 Rxe4 34. dxe4 Nfd4 35. Bd5 Rxc2+ 36. Kd3 Nxb4+ 37. Ke3 Nxd5+ 38. Kxd4 Nf6 39. e5 dxe5+ 40. Kxe5 Kg7 41. Ke6 Rxa2 42. Ke5 Ra4 43. Ke6 Kg6 44. Ke7 Rd4 45. Ke6 Re4# ,1021,-1,1/2-1/2
000000000010010101110111011111111111110110101101110110011110100100011011000001111010100,00000000001001011000010111001010100000001010101110011110111100000010111000010110010011,1. d4 e5 2. d5 Qe7 3. c4 d6 4. Nf3 Bf5 5. Qa4+ Nd7 6. Bg5 f6 7. Bc1 Bxb1 8. Rxb1 Nh6 9. Bd2 Nf5 10. Ba5 Nd4 11. Bxc7 Kf7 12. Nxd4 exd4 13. e3 dxe3 14. Ba5 Re8 15. fxe3 Qxe3+ 16. Kd1 Nc5 17. Qc2 g6 18. Bd2 Qd4 19. Qc3 Qxc3 20. Bxc3 Ne4 21. Bd4 Bh6 22. Bd3 Nc5 23. Kc2 Nxd3 24. Kxd3 Bf4 25. Rhf1 Be5 26. Bxa7 Bxh2 27. Bd4 Be5 28. Rbe1 Bxd4 29. Kxd4 f5 30. b4 Rxe1 31. Rxe1 b6 32. Re6 Rd8 33. a4 g5 34. a5 bxa5 35. bxa5 Ra8 36. Rxd6 Rxa5 37. c5 Ra4+ 38. Ke5 Re4+ 39. Kxf5 Rf4+ 40. Kxg5 Rc4 41. Rd7+ Ke8 42. Rxh7 Rxc5 43. Kf5 Rc1 44. Ke6 Re1+ 45. Kd6 Re4 46. Rg7 Kf8 47. Ra7 Rg4 48. Ra2 Ke8 49. Ra8+ Kf7 50. Kd7 Rxg2 51. d6 Rd2 52. Kc7 Ke6 53. Re8+ Kf5 54. d7 Rc2+ 55. Kd6 Rd2+ 56. Kc6 Kf6 57. d8=Q+ Rxd8 58. Rxd8 Ke5 59. Rd3 Ke4 60. Rd1 Ke3 61. Kd5 Ke2 62. Rd4 Ke3 63. Ke5 Kf3 64. Re4 Kg3 65. Kf5 Kf3 66. Rf4+ Ke3 67. Ke5 Kd3 68. Kd5 Ke3 69. Rf7 Kd3 70. Re7 Kc3 71. Re3+ Kb4 72. Rh3 Kb5 73. Rh4 Kb6 74. Rc4 Kb5 75. Kd4 Kb6 76. Kd5 Kb5 77. Kd4 Kb6 78. Kd5 Kb5 79. Rf4 Kb6 80. Kd6 Kb5 81. Rg4 Kb6 82. Rg5 Kb7 83. Rb5+ Ka6 84. Kc6 Ka7 85. Rb3 Ka8 86. Kc7 Ka7 86. Ra3# 1-0,1021,-1,1/2-1/2
00000000001000010010001000100010010100100000001101,0000000000000001000000000000000000000000000000100,1. d4 Nf6 2. Nf3 g6 3. Nc3 d5 4. e3 Bg7 5. Bd3 O-O 6. O-O c5 7. dxc5 Nbd7 8. Bd2 Nxc5 9. a3 e5 10. Be2 Re8 11. b4 Nce4 12. Nxe4 dxe4 13. Ng5 h6 14. Nh3 Bxh3 15. gxh3 Qd7 16. Kg2 Rad8 17. Bc3 Qxd1 18. Raxd1 Rxd1 19. Rxd1 Rc8 20. Bxe5 Rxc2 21. Rd8+ Kh7 22. Bb5 a6 23. Ba4 Ra2 24. Bb3 Rxa3 25. Bxf7 Ra4 26. Bg8+ Nxg8 27. Rd7 Rxb4 28. Rxg7+ Kh8 29. Rxg6+ Kh7 30. Rg7+ Kh8 31. Rg4+ Kh7 32. Rg7+ Kh8 33. Rf7+ Nf6 34. Rxf6 Rb5 35. Rxh6+ Kg8 36. Bd4 Rg5+ 37. Kf1 a5 38. Rb6 a4 39. Rxb7 a3 40. Ra7 Ra5 41. Rxa5 a2 42. Rxa2 Kf7 43. Ra6 Ke7 44. h4 Kf7 45. h5 Kg8 46. h6 Kh7 47. h4 Kg8 48. Ra7 Kf8 49. h7 Ke8 49. h8=Q# 1-0,1022,-1,1/2-1/2
0000000000011111110111010101111111111110,000000000000000000100000010000110000000,1. d4 e6 2. c4 d5 3. Nc3 Nf6 4. cxd5 exd5 5. Bg5 Be7 6. e3 c6 7. Bd3 O-O 8. Qc2 Nbd7 9. Nge2 Re8 10. f3 Nf8 11. O-O Ng6 12. e4 dxe4 13. fxe4 Ng4 14. Bxe7 Qxe7 15. Qd2 Qh4 16. h3 Nf6 17. e5 Nd5 18. Nxd5 cxd5 19. Bxg6 hxg6 20. Qf4 Qxf4 21. Nxf4 g5 22. Nxd5 Be6 23. Nc7 Bc4 24. Rfc1 Rac8 25. Nxe8 Rxe8 26. Rxc4 Rd8 27. Rd1 b5 28. Rc7 a5 29. d5 b4 30. d6 a4 31. Rb7 a3 32. Rxb4 Kh7 33. bxa3 f6 34. e6 f5 35. d7 f4 36. e7 Rxd7 37. Rxd7 f3 38. gxf3 g4 39. e8=Q gxf3 39. Rh4# 1-0,1023,-1,1/2-1/2
000000000010000001001000000010101000000010000001010000000111000000,000000000000010100000101010010010100001000100001110100000001010000,1. e4 d5 2. exd5 Nf6 3. Bb5+ Bd7 4. Bc4 b5 5. Bb3 a5 6. a3 Na6 7. Nc3 Nc5 8. d4 Nxb3 9. cxb3 c6 10. dxc6 Bxc6 11. Nf3 e6 12. O-O Bd6 13. Bg5 O-O 14. Bxf6 Qxf6 15. d5 exd5 16. Nxd5 Qe6 17. Re1 Qxd5 18. Qxd5 Bxd5 19. Rad1 Bxb3 20. Rxd6 b4 21. axb4 axb4 22. Rb6 Rab8 23. Rxb8 Rxb8 24. Nd4 Bd5 25. b3 g6 26. Re5 Rd8 27. h3 Bxb3 28. Nxb3 Rd1+ 29. Kh2 Rb1 30. Re3 Kg7 31. g3 f5 32. f4 Rb2+ 33. Kg1 Rb1+ 34. Kf2 Rb2+ 35. Kf3 Kf6 36. g4 fxg4+ 37. hxg4 h5 38. gxh5 gxh5 39. Kg3 Rc2 40. Kh4 Rh2+ 41. Kg3 Ra2 42. Kh4 Kg6 43. Rg3+ Kf5 44. Rf3 Rh2+ 45. Kg3 Ra2 46. Nd4+ Ke4 47. Ne6 Ra3 48. Nc5+ Kf5 49. Rxa3 bxa3 50. Nb3 a2 51. Kh4 Kxf4 52. Kxh5 Kf3 53. Kg5 Ke3 54. Kf5 Kd3 55. Ke5 Kc3 56. Na1 Kb2 57. Kd4 Kxa1 58. Ke3 Kb2 59. Kf4 a1=Q 60. Ke5 Qa5+ 61. Kd4 Qc3+ 62. Kd5 Qf6 63. Kc4 Qf4+ 64. Kd3 Kb3 65. Ke2 Kc3 66. Kd1 Qd2# ,1025,-1,1/2-1/2
00000000001111111001000101010010001101101111110110100010010101101011100101110110011101010011,00000000001011110111101110111110111101111011111111111111111110101111111011111111100110111110,1. d4 d5 2. Bf4 Nf6 3. e3 e6 4. Nf3 h6 5. Bd3 a6 6. a4 Nc6 7. Nbd2 Qd7 8. h3 Bd6 9. Ne5 Bxe5 10. dxe5 Ne4 11. Bxe4 dxe4 12. Qg4 O-O 13. Nxe4 Kh7 14. Qh4 Nxe5 15. Bxe5 Qd5 16. Bc3 e5 17. O-O Bf5 18. Ng5+ Kg8 19. Rad1 hxg5 20. Rxd5 gxh4 21. Rxe5 Bxc2 22. Rh5 Bxa4 23. Rxh4 Bb5 24. Re1 f6 25. e4 Rae8 26. e5 fxe5 27. Bxe5 Re7 28. Rh5 Be8 29. Rg5 Rf6 30. Bxf6 Rxe1+ 31. Kh2 g6 32. h4 Kf7 33. Bc3 Re2 34. h5 gxh5 35. Rg7+ Ke6 36. Rxc7 Rxf2 37. Rxb7 Bc6 38. Rg7 Rf5 39. Rh7 Bb5 40. Rh6+ Kd5 41. Kg3 Rg5+ 42. Kf4 Rxg2 43. Rxh5+ Kd6 44. Re5 Rf2+ 45. Kg3 Rf8 46. Re1 a5 47. Bxa5 Rg8+ 48. Kf3 Rh8 49. Bc7+ Kd7 50. Be5 Bc6+ 51. Kf2 Rc8 52. Rd1+ Ke6 53. Re1 Rf8+ 54. Kg3 Kd7 55. Rd1+ Ke6 56. Bg7 Rf3+ 57. Kg4 Rb3 58. Re1+ Kd6 59. Be5+ Kd5 60. Bc3 Rb8 61. Rd1+ Kc4 62. Be5 Rg8+ 63. Kf4 Kb5 64. b3 Rf8+ 65. Ke3 Bg2 66. Bd6 Re8+ 67. Be5 Rf8 68. b4 Rf3+ 69. Ke2 Rf5 70. Bc3 Bf3+ 71. Ke3 Bxd1 72. Bg7 Kxb4 73. Ke4 Bc2+ 74. Kd4 Rf3 75. Kd5 Rd3+ 76. Bd4 Kb5 77. Ke4 Kc6 78. Ke5 Rf3 79. Ke6 Rf4 80. Ke5 Re4+ 81. Kf5 Rxd4+ 82. Ke6 Rd6+ 83. Ke5 Rd5+ 84. Kf4 Rd3 85. Ke4 Kd6 86. Kf5 Kd5 87. Kf4 Rb3 88. Kg5 Ke5 89. Kg4 Bf5+ 90. Kg5 Ra3 91. Kh4 Kf6 92. Kh5 Rh3# ,1025,-1,1/2-1/2
0000000000011010111110110,000000000000000000000000,1. Nf3 e6 2. g3 d6 3. Bg2 h6 4. O-O a6 5. c3 Nc6 6. d3 Bd7 7. Nbd2 Qe7 8. Re1 O-O-O 9. e4 g5 10. d4 h5 11. d5 exd5 12. exd5 Ne5 13. Nxe5 dxe5 14. Nc4 f6 15. d6 cxd6 16. Nxd6+ Qxd6 17. Be3 Qxd1 18. Raxd1 Ne7 19. Bb6 Re8 20. Rd2 Nc6 21. Be4 f5 22. Bxc6 Bxc6 23. Rdd1 f4 24. Rxe5 Rxe5 24. Rd8# 1-0,1025,-1,1/2-1/2
000000000011010111011101011111011111101,00000000000000000000000000000000000000,1. e4 c5 2. d4 cxd4 3. Qxd4 Nc6 4. Qd1 e5 5. Nc3 Bc5 6. Be3 Bxe3 7. fxe3 Qb6 8. Bb5 Qxe3+ 9. Qe2 Qxe2+ 10. Ngxe2 Nf6 11. O-O-O O-O 12. Bc4 a6 13. Rhf1 b5 14. Bb3 b4 15. Nd5 Nxd5 16. Rxd5 a5 17. Bc4 Ba6 18. Bxa6 Rxa6 19. Rxd7 a4 20. Rfd1 b3 21. cxb3 axb3 22. a3 Na5 23. Rd8 Rc6+ 24. Nc3 h6 25. Rxf8+ Kxf8 26. Rd8+ Ke7 27. Rb8 Nc4 28. Rxb3 Ne3 29. a4 Nxg2 30. Kd2 Nf4 31. a5 Ra6 32. Rb7+ Kf6 33. Rb6+ Rxb6 34. axb6 Ne6 35. b7 Nc5 36. b8=Q Nd7 37. Qd6+ Kg5 38. Qxd7 Kf4 38. Qf5# 1-0,1025,-1,1/2-1/2
0000000000101110001011000000010010001000001010011010110010100,0000000000000100110000011100001000001101001101000100000010000,1. e4 e5 2. d3 Nc6 3. f4 f6 4. f5 Bc5 5. Nf3 Nge7 6. Nc3 b6 7. Na4 Bd6 8. c4 Bb7 9. Nc3 a5 10. a3 O-O 11. Be2 Nd4 12. Nxd4 exd4 13. Nd5 Nxd5 14. cxd5 c6 15. dxc6 Bxc6 16. O-O Qc7 17. g3 a4 18. Bf4 Bxf4 19. gxf4 d5 20. e5 fxe5 21. Bg4 exf4 22. Qf3 Rae8 23. Qxf4 Qxf4 24. Rxf4 Rf6 25. Rxd4 Re5 26. Rf1 Kf8 27. Rb4 b5 28. d4 Re4 29. Bf3 Rf4 30. b3 R6xf5 31. bxa4 Rxf3 32. Rxf3 Rxf3 33. axb5 Rxa3 34. bxc6 Rc3 35. Rb6 Ke8 36. Rb8+ Ke7 37. Rb7+ Kf6 38. c7 Kf5 39. Kf2 Ke4 40. Ke2 Rc6 41. Kd2 Kxd4 42. Rb4+ Kc5 43. Rb7 h5 44. Kd3 g6 45. Rb1 Rxc7 46. Rc1+ Kd6 47. Rxc7 Kxc7 48. Kd2 Kd6 49. Ke3 Ke5 50. Kd3 g5 51. Ke2 g4 52. Kf2 Ke4 53. h4 d4 54. Ke2 d3+ 55. Kd2 g3 56. Ke1 Ke3 57. Kf1 d2 58. Kg2 d1=Q 59. Kh3 Qh1+ 60. Kxg3 Qf3+ 61. Kh2 Kf2 ,1026,-1,1/2-1/2
0000000000000000000001011100101001110100,0000000000111111111111111111111111111011,1. b3 g6 2. Bb2 f6 3. e3 Bg7 4. Nf3 b6 5. Nh4 Bb7 6. d3 e6 7. e4 Ne7 8. Qg4 O-O 9. Nd2 d5 10. O-O-O Nd7 11. Qxe6+ Rf7 12. exd5 f5 13. Bxg7 Kxg7 14. d6 Nd5 15. dxc7 Qxh4 16. g3 Qd4 17. Nf3 Qa1+ 18. Kd2 Qc3+ 19. Kc1 Qa1+ 20. Kd2 Qc3+ 21. Kc1 Qa1+ 22. Kd2 Qc3+ 23. Kc1 Nxc7 24. Qe1 Qa1+ 25. Kd2 Qf6 26. Bg2 Re8 27. Qf1 Nb5 28. Re1 Qc3+ 29. Kc1 Qa1+ 30. Kd2 Qc3+ 31. Kc1 Qa1+ 32. Kd2 Qc3+ 33. Kc1 Rc8 34. Re2 Bxf3 35. Bxf3 Ne5 36. Bc6 Nxd3+ 37. Kd1 Rxc6 38. Qe1 Nxe1 39. Rhxe1 Rd6+ 40. Kc1 Qa1# ,1027,-1,1/2-1/2
00000000000000011000111100000011001100101101010000000,0000000000000100001001001100100101010111100100000010,1. d4 Nf6 2. Nf3 d5 3. g3 c5 4. c3 Nc6 5. e3 cxd4 6. exd4 e6 7. Bg5 Be7 8. Bg2 a6 9. O-O O-O 10. Nbd2 Bd7 11. Ne5 Nxe5 12. dxe5 Ne4 13. Bxe7 Qxe7 14. Nxe4 dxe4 15. Bxe4 Bc6 16. Bxc6 bxc6 17. Qe2 Rfd8 18. Rad1 Rxd1 19. Rxd1 c5 20. Qe4 Rd8 21. Rd6 Rxd6 22. exd6 Qxd6 23. Qa8+ Qf8 24. Qxa6 g6 25. b4 cxb4 26. cxb4 Qxb4 27. Qa8+ Kg7 28. a3 Qb1+ 29. Kg2 e5 30. a4 e4 31. Qd5 Qb4 32. Qe5+ Kg8 33. a5 Qb7 34. Qe8+ Kg7 35. Qe5+ f6 36. Qc3 e3+ 37. f3 e2 38. Qe1 Qa7 39. Qxe2 Qxa5 40. Qe7+ Kg8 41. Qe6+ Kg7 42. Qe7+ Kh6 43. Qxf6 Qa2+ 44. Kh3 Qf2 45. Qf4+ Kg7 46. Qe5+ Kh6 47. Qf4+ Kg7 48. Qe5+ Kh6 49. Qf4+ Kg7 50. Qe5+ Kh6 51. Qf4+ Kg7 52. Qe5+ Kh6 52. Qf4+ 1/2-1/2,1028,-1,1/2-1/2
00000000001100101010010110110111,0000000000001000011100000000000,1. e4 a6 2. Qf3 h6 3. Bc4 e6 4. Nc3 c5 5. e5 d6 6. exd6 Bxd6 7. Nh3 Nc6 8. O-O Bc7 9. Ne4 b5 10. Be2 Bb7 11. Nxc5 Rb8 12. Nxb7 Rxb7 13. Qxc6+ Qd7 14. Qxb7 Qd6 15. g3 Nf6 16. d3 O-O 17. Bf3 Rb8 18. Qc6 Qxc6 19. Bxc6 b4 20. Bf4 Rb6 21. Bxc7 Rxc6 22. Bd8 Rxc2 23. Bxf6 gxf6 24. Rfc1 Rxb2 25. Rab1 Rxa2 26. Rxb4 a5 27. Rb8+ Kg7 28. Nf4 a4 29. Nh5+ Kg6 30. g4 f5 31. Rg8+ Kh7 31. Nf6# 1-0,1028,-1,1/2-1/2
000000000000000000010000000010000000000011,00000000001000010000000000110110100000000,1. e4 c6 2. d4 e6 3. Nf3 h6 4. c4 Nf6 5. e5 Nh7 6. Bd3 Ng5 7. h4 Nxf3+ 8. Qxf3 b5 9. c5 Na6 10. a3 b4 11. axb4 Nxb4 12. Bd2 Nxd3+ 13. Qxd3 Be7 14. Ba5 Bxh4 15. Bxd8 Bxd8 16. Nc3 a5 17. Ne4 Ba6 18. Nd6+ Ke7 19. Qf3 Rf8 20. Qg4 g6 21. Rxh6 Bc7 22. Qg5+ f6 23. Rh7+ Kd8 24. Qxg6 Bxd6 25. cxd6 fxe5 26. dxe5 Kc8 27. Qg7 Rd8 28. Rh8 Kb7 29. Rxd8 Rxd8 30. Rxa5 Kb6 31. b4 Bb7 32. Qe7 Ra8 33. Rxa8 Bxa8 34. Qxd7 Kb5 35. Qxe6 Kxb4 36. d7 c5 37. d8=Q c4 38. Qxa8 c3 39. Qb6+ Kc4 40. Qc8+ Kd3 41. Qf5+ Kc4 41. Qe4# 1-0,1028,-1,1/2-1/2
0000000000011110000110101100011110010110111110001010,0000000000011111111111111111111111111111111111111011,1. e4 e5 2. Nf3 Nc6 3. Bc4 Bc5 4. d3 h6 5. Nc3 d6 6. h3 Nf6 7. Ne2 O-O 8. c3 Be6 9. Bb5 Bd7 10. Ng3 a6 11. Bxc6 Bxc6 12. b4 Ba7 13. O-O b5 14. Qc2 Bd7 15. d4 Re8 16. dxe5 dxe5 17. Rd1 c5 18. bxc5 Rc8 19. Ba3 Bxc5 20. Qb2 Bxa3 21. Qxa3 Rc6 22. Rac1 Qc7 23. Nd2 Rc8 24. c4 bxc4 25. Ndf1 c3 26. Ne3 Kh7 27. Ngf5 Bxf5 28. Nxf5 c2 29. Rd2 Nxe4 30. Rd3 Rb8 31. Rb3 Rd8 32. Ne3 Nd2 33. Rd3 Nc4 34. Nxc4 Rxc4 35. Rxd8 Qxd8 36. Qe3 Qd1+ 37. Rxd1 cxd1=Q+ 38. Kh2 Qd4 39. Qe1 Rc2 40. f3 Qf4+ 41. Qg3 Qxg3+ 42. Kxg3 Rxa2 43. Kh2 a5 44. h4 a4 45. Kg3 a3 46. Kg4 Rxg2+ 47. Kf5 Re2 48. f4 a2 49. Kg4 a1=Q 50. fxe5 Qxe5 51. h5 f5+ 52. Kf3 Qe3# ,1028,-1,1/2-1/2
00000000000110001,0000000000000000,1. e4 d5 2. Nc3 dxe4 3. Nxe4 e5 4. Nf3 Nc6 5. Bb5 Bd7 6. d4 f5 7. Nc3 Qe7 8. Bxc6 exd4+ 9. Ne2 Bxc6 10. Nxd4 Bd7 11. O-O O-O-O 12. Re1 Qd6 13. Qd3 g6 14. Bf4 Qd5 15. Rad1 Bc6 16. Nxc6 Qxc6 16. Qxd8# 1-0,1028,-1,1/2-1/2
00000000001000100000000100000001000000000000110000001000000000010,00000000000100000001010101011010001001000100001101011101000011011,1. e4 e5 2. Nf3 Nc6 3. d4 exd4 4. Bc4 f6 5. Nxd4 Qe7 6. Nxc6 dxc6 7. O-O b5 8. Bb3 Qd7 9. Qxd7+ Bxd7 10. c4 bxc4 11. Bxc4 O-O-O 12. Nc3 Kb8 13. Bf4 Bd6 14. Bxd6 cxd6 15. Rfd1 Kc7 16. b4 Ne7 17. a4 Rb8 18. b5 cxb5 19. axb5 Kb6 20. Rxd6+ Kc7 21. Rda6 Rb7 22. Rxa7 Rb8 23. Rxb7+ Rxb7 24. f3 Kb8 25. Nd5 Nxd5 26. Bxd5 Rxb5 27. Ra8+ Kc7 28. Ra7+ Kd6 29. Ra6+ Ke7 30. Ra7 Rb1+ 31. Kf2 Rc1 32. f4 Rc2+ 33. Kf3 Rc3+ 34. Kf2 Rc2+ 35. Kf3 Kd8 36. Ra8+ Ke7 37. Ra7 Rc3+ 38. Kf2 h6 39. e5 fxe5 40. fxe5 Rc2+ 41. Kg3 Rc3+ 42. Kf4 Ke8 43. e6 Bc6 44. Bxc6+ Rxc6 45. Ke5 Rc5+ 46. Kd6 Rc8 47. Rxg7 Rd8+ 48. Ke5 Rd2 49. Kf6 Rf2+ 50. Kg6 Rxg2+ 51. Kxh6 Rxh2+ 52. Kg6 Rg2+ 53. Kf6 Rf2+ 54. Ke5 Re2+ 55. Kd6 Rd2+ 56. Ke5 Rd1 57. Kf6 Rf1+ 58. Ke5 Re1+ 59. Kf6 Rf1+ 60. Ke5 Re1+ 61. Kf6 Rf1+ 62. Ke5 Re1+ 63. Kf6 Rf1+ 64. Ke5 Re1+ 65. Kf6 Rf1+ ,1028,-1,1/2-1/2
000000000001011101111111101111101011,00000000000010001000110001100010001,1. e4 e5 2. Nf3 d6 3. d4 Bg4 4. Be2 Bxf3 5. Bxf3 exd4 6. Qxd4 Nc6 7. e5 Nb4 8. Qxb4 dxe5 9. Qd2 Bb4 10. c3 Bd6 11. Bxb7 Rb8 12. Bc6+ Ke7 13. Qg5+ Nf6 14. Nd2 h6 15. Qf5 g6 16. Qc2 Rb6 17. Bf3 Qd7 18. O-O Rhb8 19. Nc4 Rb5 20. Nxd6 Qxd6 21. c4 Rc5 22. Rd1 Qa6 23. Be3 Rxc4 24. Qd2 Qd6 25. Qa5 Qb4 26. Qxe5+ Kf8 27. Qxf6 Qxb2 28. Rd8+ Rxd8 29. Qxb2 Rd3 30. Bxh6+ Ke7 31. Re1+ Re4 32. Rxe4+ Kd6 33. Qe5+ Kc6 34. Rc4+ Kd7 35. Rxc7+ Kd8 35. Qe7# 1-0,1029,-1,1/2-1/2
000000000011111011111011111,00000000000000000000010010,1. e4 e5 2. Nf3 d6 3. Bc4 Be6 4. O-O Bxc4 5. d3 Be6 6. Nc3 Nf6 7. Ng5 Be7 8. Nxe6 fxe6 9. Ne2 O-O 10. c3 c5 11. f4 Nc6 12. Qb3 Qd7 13. f5 d5 14. fxe6 Qxe6 15. Bg5 c4 16. Qxb7 cxd3 17. Ng3 dxe4 18. Rae1 Bc5+ 19. Kh1 Rab8 20. Qa6 Rxb2 21. Bxf6 Rxf6 22. Nxe4 Rxf1+ 23. Rxf1 d2 24. Nxc5 Qd5 25. Qc8+ Nd8 26. Qf5 d1=Q 26. Qf8# 1-0,1029,-1,1/2-1/2
00000000000010110100011011010111100100101,00000000001111111111111111111111111111111,1. e4 d6 2. f4 Nc6 3. Nf3 g6 4. Bb5 Bg7 5. Bxc6+ bxc6 6. d3 e5 7. O-O Nf6 8. f5 O-O 9. Nc3 h6 10. Nh4 g5 11. Nf3 d5 12. exd5 cxd5 13. h4 gxh4 14. Nxh4 Rb8 15. Qf3 Re8 16. Qh3 e4 17. dxe4 Nxe4 18. Nf3 Nxc3 19. bxc3 Qf6 20. Bb2 Rxb2 21. Nd4 c5 22. Nf3 Bxf5 23. Qh5 Bg6 24. Qxd5 Qxc3 25. Rad1 Re2 26. Rd2 Qe3+ 27. Kh2 Rxc2 28. Rxc2 Rxc2 29. Qd8+ Kh7 30. Qd1 Qf4+ 31. Kh1 Rxa2 32. Qe1 Qg4 33. Rf2 Rxf2 34. Qxf2 c4 35. Ne5 Bxe5 36. Kg1 Qd1+ 37. Qf1 Bd4+ 38. Kh2 Qxf1 39. Kg3 Be5+ 40. Kg4 Qxg2+ 41. Kh4 Bf6# ,1030,-1,1/2-1/2
0000000000010110111111111001110111111111111011111111001010011111111111110111111111011101011111,000000000010110010111011000111111001000101000101110010100111101111010111000010011110010010111,1. b3 d5 2. Bb2 Bf5 3. e3 Nd7 4. Be2 Ngf6 5. d3 e6 6. Nd2 c6 7. a3 Qc7 8. Rc1 e5 9. g4 Bg6 10. g5 Ng8 11. h4 h6 12. Bh5 hxg5 13. Bxg6 fxg6 14. Qg4 Be7 15. Qg2 O-O-O 16. hxg5 Rxh1 17. Qxh1 Bxg5 18. Qg2 Bf6 19. Qxg6 Qd6 20. e4 Qe6 21. Ngf3 Ne7 22. Qg3 Rh8 23. Ke2 Rh6 24. Re1 Rg6 25. Qh2 Rh6 26. Qg3 Rg6 27. Qh2 Rh6 28. Qg3 Rg6 29. Qh2 b5 30. Qh8+ Kb7 31. Qh5 Nc5 32. Rg1 Rh6 33. Qe8 Ng6 34. Qxe6 Nxe6 35. Ke1 Ngf4 36. Bxe5 Kb6 37. exd5 cxd5 38. Bxf6 Rxf6 39. b4 a5 40. Ne5 Ka6 41. Rg4 axb4 42. axb4 g5 43. Nb3 Rf5 44. Nf3 Nh3 45. Nbd4 Nxd4 46. Nxd4 Rf6 47. Rg3 Nxf2 48. Rxg5 Nh3 49. Rxd5 Nf4 50. Rd7 Rh6 51. Kd2 Rh2+ 52. Ke3 Ng2+ 53. Ke4 Ne1 54. Rd6+ Kb7 55. c3 Rh4+ 56. Ke3 Ng2+ 57. Kf2 Nf4 58. Nxb5 Rh3 59. d4 Nd3+ 60. Ke2 Nb2 61. Rf6 Kc8 62. Nd6+ Kd7 63. Ne4 Rh2+ 64. Kf3 Nd1 65. b5 Nxc3 66. Nxc3 Rh3+ 67. Ke4 Rxc3 68. Kd5 Rd3 69. Rf7+ Kc8 70. Kc6 Rc3+ 71. Kb6 Rh3 72. Rf8+ Kd7 73. Rf7+ Ke6 74. Rf4 Kd5 75. Kb7 Rb3 76. b6 Kd6 77. Rf8 Kd7 78. Rf5 Kd6 79. Ka6 Kc6 80. Rc5+ Kd6 81. b7 Kd7 82. Rb5 Rxb5 83. Kxb5 Kc7 84. Ka6 Kb8 85. d5 Kc7 86. Ka7 Kd6 87. b8=Q+ Kxd5 88. Qf4 Kc5 89. Ka6 Kd5 90. Kb6 Ke6 91. Kc6 Ke7 92. Qf5 Ke8 93. Kd6 Kd8 93. Qd7# 1-0,1030,-1,1/2-1/2
000000000000000010100010000111000000,00000000000000000000000100000000000,1. e4 e6 2. Nf3 d5 3. exd5 exd5 4. d4 Bd6 5. Bd3 Bg4 6. h3 Bh5 7. O-O Nc6 8. c3 Qd7 9. Nbd2 Nge7 10. Re1 O-O-O 11. Nf1 Rhe8 12. Ng3 Bxf3 13. Qxf3 Ng6 14. Rxe8 Rxe8 15. Bf5 Re1+ 16. Kh2 Bxg3+ 17. fxg3 Qxf5 18. Qxf5+ Kb8 19. Qxf7 a6 20. Qxg7 Nce7 21. Qxh7 Nf5 22. Qxg6 Ne3 23. Qe8+ Ka7 24. Qxe3 Rf1 25. b4 b5 26. a4 c6 27. axb5 cxb5 28. Qe6 Kb7 29. Qxa6+ Kc7 30. Qxb5 Kd6 31. Qxf1 Ke6 32. Ra6+ Kd7 33. Qf6 Kc7 34. Ra7+ Kb8 35. Rh7 Kc8 35. Qf8# 1-0,1031,-1,1/2-1/2
0000000000010000110100000010101,000000000000110010001000110000,1. d4 d5 2. e3 Bf5 3. c4 c6 4. Nf3 f6 5. h3 Qa5+ 6. Bd2 Qb6 7. b3 e6 8. c5 Qc7 9. Nc3 b6 10. b4 bxc5 11. bxc5 Nd7 12. Nh4 Bg6 13. Nxg6 hxg6 14. Bd3 f5 15. O-O g5 16. f4 g4 17. hxg4 Nh6 18. g5 Ng4 19. Be2 Nh2 20. Rf2 Ng4 21. Bxg4 fxg4 22. Qxg4 O-O-O 23. Qxe6 Re8 24. Qxe8+ Qd8 25. Qxd8+ Kxd8 26. Rb1 Kc7 27. e4 dxe4 28. Nxe4 Be7 29. Ba5+ Kc8 30. Rfb2 Bd8 30. Nd6# 1-0,1031,-1,1/2-1/2
000000000000000000000000000000010000001100000010,000000000010111111111111011110110011101101101111,1. d4 d5 2. Bg5 Nf6 3. e3 c6 4. Nf3 Bg4 5. Be2 e6 6. h3 Bh5 7. O-O Be7 8. Nbd2 O-O 9. Rc1 Nbd7 10. c4 h6 11. Bh4 Ne4 12. Bxe7 Qxe7 13. cxd5 exd5 14. Nxe4 dxe4 15. Nd2 Bxe2 16. Qxe2 Kh7 17. f3 exf3 18. Rxf3 Rae8 19. Qd3+ Kg8 20. Re1 Rd8 21. e4 Ne5 22. Qe3 Nxf3+ 23. Nxf3 b6 24. Ne5 Qd6 25. Rd1 c5 26. d5 Qxe5 27. d6 Rxd6 28. Rxd6 Qxd6 29. e5 Qe6 30. b3 Rd8 31. g4 Qd5 32. Kf2 Kf8 33. Kg3 Re8 34. Qf4 Rxe5 35. h4 Re8 36. g5 hxg5 37. hxg5 b5 38. g6 f6 39. a4 Qxb3+ 40. Kh4 Qxa4 41. Qxa4 bxa4 42. Kh5 Re5+ 43. Kg4 a3 44. Kf4 a2 45. Kf3 a1=Q 46. Kf4 Qf1+ 47. Kg4 Rg5+ 48. Kh4 Qh1# ,1031,-1,1/2-1/2
00000000000000000000000000000000,00000000001111111011101010001011,1. e4 d6 2. d4 Nf6 3. Nd2 g6 4. Bd3 e5 5. dxe5 dxe5 6. Ngf3 Nc6 7. O-O Bg7 8. Nc4 Qe7 9. Ne3 O-O 10. Nd5 Nxd5 11. exd5 Nb4 12. Bc4 Bf5 13. c3 Nc2 14. Rb1 Na3 15. bxa3 Bxb1 16. Bg5 Qc5 17. Qxb1 Qxc4 18. Qxb7 Qxa2 19. Qxc7 e4 20. Ne5 Qxd5 21. Nd7 Qxg5 22. Nxf8 Rxf8 23. Qxa7 Rd8 24. c4 e3 25. fxe3 Rf8 26. c5 Qxe3+ 27. Kh1 Qe2 28. Rg1 Bd4 29. c6 Bxa7 30. c7 Rc8 31. Rc1 Rxc7 32. Rxc7 Qd1# ,1031,-1,1/2-1/2
0000000000011101000010110101000100,0000000000111111011111111111111111,1. e3 Nf6 2. Bc4 d5 3. Bb5+ Bd7 4. Bxd7+ Qxd7 5. Nf3 e6 6. Ne5 Qd6 7. d4 c5 8. O-O Nc6 9. Nxc6 Qxc6 10. Nc3 Bd6 11. b3 cxd4 12. Qxd4 Nd7 13. f4 Be7 14. Bb2 Bf6 15. Qd3 Rc8 16. Na4 Bxb2 17. Nxb2 Qxc2 18. Qxc2 Rxc2 19. Nd3 Ke7 20. Nb4 Rc3 21. Rad1 Nf6 22. Rfe1 Rhc8 23. Nd3 Rc2 24. Nb4 R2c3 25. Nd3 Rc2 26. Nb4 R2c7 27. Nd3 Rc2 28. Nb4 Rb2 29. Nd3 Rxa2 30. Ne5 Rcc2 31. Rc1 Rxg2+ 32. Kh1 Rxh2+ 33. Kg1 Rhg2+ 34. Kf1 Raf2# ,1032,-1,1/2-1/2
000000000000010010010000000000001000,000000000000000001010100101000000001,1. d4 Nf6 2. Bg5 c5 3. Bxf6 exf6 4. d5 Qb6 5. b3 d6 6. Nf3 Bf5 7. Nbd2 g5 8. e4 Bg6 9. Bd3 Nd7 10. Nc4 Qc7 11. O-O O-O-O 12. Qd2 Bg7 13. Rfe1 f5 14. exf5 Bxa1 15. fxg6 fxg6 16. Rxa1 g4 17. Ng5 Ne5 18. Nxe5 dxe5 19. Ne6 Qd6 20. Nxd8 Rxd8 21. c4 Rf8 22. Rf1 Rf4 23. g3 Rd4 24. Qh6 Rxd3 25. Qxh7 Qf6 26. Qg8+ Kc7 27. Qh7+ Kb6 28. Qh6 e4 29. Qe3 Rxe3 30. fxe3 Qc3 31. Rf6+ Ka5 32. Rxg6 Qxe3+ 33. Kf1 Qf3+ 34. Ke1 e3 35. d6 Qf2+ 36. Kd1 Qd2# ,1032,-1,1/2-1/2
00000000001111111111111111111111,0000000000010000000000000000000,1. e4 d5 2. exd5 Qxd5 3. Nc3 Qa5 4. d4 c6 5. Bd2 Qc7 6. Nf3 Nf6 7. Bd3 Bg4 8. O-O e6 9. h3 h5 10. Be2 Nbd7 11. Re1 Bd6 12. hxg4 hxg4 13. Ng5 Bh2+ 14. Kf1 Bf4 15. Bd3 Bxg5 16. Bxg5 Rh1+ 17. Ke2 Rh2 18. Qc1 Rxg2 19. Bf4 e5 20. Kf1 Rh2 21. Bxh2 O-O-O 22. Qg5 Rh8 23. Bxe5 Nxe5 24. dxe5 Rh1+ 25. Kg2 Rxe1 26. Rxe1 Nd5 27. Nxd5 cxd5 28. Rh1 f6 29. Rh8+ Kd7 30. Bb5+ Ke6 31. Re8+ Kf7 31. e6# 1-0,1032,-1,1/2-1/2
000000000010001001,00000000000100001,1. e4 e5 2. Nf3 Nc6 3. Bc4 f5 4. exf5 e4 5. Ng5 Qxg5 6. Nc3 Bb4 7. d3 Qxg2 8. Rf1 Nd4 9. Qh5+ g6 10. fxg6 Nf3+ 11. Ke2 Nd4+ 12. Ke1 Bxc3+ 13. bxc3 Nxc2+ 14. Kd2 Nxa1 15. g7+ Qg6 16. Qe5+ Ne7 17. gxh8=Q+ Qg8 17. Qxg8# 1-0,1032,-1,1/2-1/2
0000000000100011010100100011000011101001101000,000000000000000000000100110000000000000000000,1. c4 d6 2. Nc3 g6 3. g3 Bg7 4. Bg2 Nf6 5. d3 c6 6. Bd2 O-O 7. Nh3 e5 8. O-O Be6 9. f4 Qd7 10. fxe5 dxe5 11. Ng5 h6 12. Nxe6 Qxe6 13. Ne4 Nxe4 14. Bxe4 Nd7 15. Qc2 Nf6 16. Rad1 Nxe4 17. dxe4 Rad8 18. Be3 Rxd1 19. Rxd1 b6 20. Kg2 c5 21. b3 a5 22. a4 h5 23. Rd5 f5 24. exf5 Rxf5 25. Rd8+ Rf8 26. Rxf8+ Kxf8 27. Qe4 Kf7 28. Qb7+ Kf6 29. Qf3+ Ke7 30. Bg5+ Bf6 31. Bxf6+ Qxf6 32. Qb7+ Ke6 33. Qxb6+ Kf5 34. e4+ Kxe4 35. Qxf6 Kd4 36. Qxg6 e4 37. Qxh5 e3 38. Qe2 Ke4 39. h4 Kd4 40. h5 Kc3 41. h6 Kxb3 42. h7 Kxa4 43. h8=Q Kb4 44. Qb8+ Kc3 45. Qxe3+ Kxc4 45. Qbb3# 1-0,1032,-1,1/2-1/2
0000000000111111101111111110011111011111111111111111111000111111111011111111111111111111110111111111111111111111111111111,000000000010111111010111111111100010111111011111111100101111010101110011111011110100111010111111001111111101110001111110,1. e3 c5 2. Bc4 e6 3. a3 d5 4. Ba2 Nc6 5. Ne2 Nf6 6. O-O Bd6 7. Ng3 g6 8. f4 O-O 9. c4 a6 10. cxd5 exd5 11. Nc3 d4 12. Nd5 Nxd5 13. Bxd5 Bxf4 14. Bxc6 Bxg3 15. hxg3 bxc6 16. Qc2 Re8 17. Qxc5 Bf5 18. Qxc6 Rc8 19. Qf3 dxe3 20. dxe3 Rc7 21. e4 Bxe4 22. Qf6 Qxf6 23. Rxf6 Rc2 24. Rf2 Rxf2 25. Kxf2 Rc8 26. Bh6 Rc2+ 27. Ke3 Bf5 28. b4 f6 29. a4 Kf7 30. Bf4 g5 31. Bd6 Bd7 32. Kd3 Rxg2 33. b5 axb5 34. a5 Bf5+ 35. Kd4 Rd2+ 36. Kc5 Rb2 37. a6 Be4 38. a7 Ba8 39. Re1 h5 40. Re7+ Kg6 41. Re8 Bh1 42. Rg8+ Kf7 43. Rh8 Rc2+ 44. Kxb5 Rb2+ 45. Kc4 Kg6 46. a8=Q Bxa8 47. Rxa8 Kf5 48. Ra1 Ke6 49. Ra6 Rb1 50. Bc5+ Kf5 51. Bd4 Kg4 52. Bxf6 Kxg3 53. Bxg5 h4 54. Bxh4+ Kxh4 55. Ra8 Kh5 56. Rh8+ Kg6 57. Rg8+ Kh7 58. Ra8 Rh1 59. Kd3 Kg6 60. Rb8 Rd1+ 61. Ke3 Re1+ 62. Kd2 Re7 63. Rb3 Rd7+ 64. Ke3 Kf7 65. Ke2 Ke6 66. Ke1 Rc7 67. Rb6+ Kd7 68. Kd2 Ra7 69. Rb1 Ra2+ 70. Kd3 Ra3+ 71. Kc2 Rf3 72. Rg1 Ke7 73. Kc1 Ke6 74. Rh1 Kf7 75. Rh2 Rg3 76. Rh7+ Kg6 77. Rh1 Rg5 78. Kb2 Kf7 79. Kb1 Kg8 80. Rc1 Rg7 81. Rc2 Rg1+ 82. Ka2 Rg7 83. Ka3 Rg3+ 84. Kb4 Rg4+ 85. Rc4 Rg1 86. Rc5 Kf7 87. Rc3 Ke8 88. Ka3 Kd7 89. Rh3 Kc6 90. Kb2 Rg2+ 91. Kc3 Rg6 92. Kd3 Kc7 93. Kc4 Kd6 94. Rh7 Ke6 95. Kb3 Kd6 96. Ra7 Kd5 97. Rf7 Rb6+ 98. Ka2 Kc4 99. Rc7+ Kd4 100. Rc2 Ke3 101. Rc7 Ke2 102. Rc4 Rd6 103. Rg4 Ra6+ 104. Kb1 Ra1+ 105. Kxa1 Kf3 106. Rg7 Kf2 107. Re7 Kf3 108. Kb2 Kf4 109. Kc3 Kg5 110. Re4 Kg6 111. Kd4 Kf5 112. Kd5 Kf6 113. Rf4+ Kg5 114. Ke5 Kg6 115. Ke6 Kg5 116. Rc4 Kg6 117. Rc5 Kg7 118. Rg5+ Kh6 119. Kf6 Kh7 120. Rg4 Kh6 120. Rh4# 1-0,1033,-1,1/2-1/2
0000000000010001000001,0000000000111000010101,1. d4 d5 2. e3 e6 3. Bd3 Nc6 4. c3 Nf6 5. Nf3 Bd6 6. O-O O-O 7. Re1 Ng4 8. Nbd2 e5 9. Qc2 e4 10. Nxe4 dxe4 11. Bxe4 f5 12. Bd3 Qe8 13. e4 fxe4 14. Bxe4 Qh5 15. h3 Nf6 16. Qb3+ Kh8 17. Bxc6 bxc6 18. Bg5 Bxh3 19. gxh3 Qxf3 20. Bxf6 Rxf6 21. Re3 Qxf2+ 22. Kh1 Qh2# ,1033,-1,1/2-1/2
000000000001110100101101011011000011100010001011111,000000000011111111111111111111101111111111111111111,1. e4 c6 2. Nf3 d6 3. d3 Nf6 4. c3 Bg4 5. Be2 Bxf3 6. Bxf3 Nbd7 7. O-O e5 8. Nd2 a5 9. a4 h5 10. Re1 h4 11. h3 Be7 12. d4 O-O 13. Be2 d5 14. dxe5 Nxe5 15. exd5 Nxd5 16. Bf1 Qc7 17. Nf3 Nxf3+ 18. Qxf3 Bc5 19. c4 Ne7 20. Bf4 Qb6 21. Bd2 Ng6 22. Bc3 Bb4 23. Bxb4 Qxb4 24. Bd3 Rad8 25. Bxg6 fxg6 26. Qg4 Qxb2 27. Qxh4 Rd4 28. Qe7 Qxf2+ 29. Kh1 Rd2 30. Qg5 Kh7 31. Rf1 Qxf1+ 32. Rxf1 Rxf1+ 33. Kh2 Rff2 34. Kg3 Rxg2+ 35. Kh4 Rd4+ 36. Qg4 Rgxg4+ 37. hxg4 Rxc4 38. Kg5 Rxa4 39. Kh4 Rxg4+ 40. Kxg4 a4 41. Kf4 a3 42. Ke3 a2 43. Kd2 a1=Q 44. Kc2 Qd4 45. Kc1 g5 46. Kc2 g4 47. Kb3 g3 48. Ka3 g2 49. Ka2 Qc4+ 50. Kb2 g1=Q 51. Ka3 Qa1# ,1033,-1,1/2-1/2
0000000000100111011101010000011,0000000000101000110001011100000,1. e4 e5 2. Nc3 Nc6 3. f3 Nf6 4. d3 Bc5 5. Nge2 d5 6. exd5 Nxd5 7. Nxd5 Qxd5 8. Nc3 Qd8 9. Ne4 Bb6 10. Be2 O-O 11. Nf2 f5 12. O-O f4 13. c3 Kh8 14. Kh1 Qh4 15. Qe1 Ne7 16. Ne4 Qxe1 17. Rxe1 Nd5 18. Bd1 Bf5 19. Bb3 c6 20. Nd6 Bxd3 21. Nxb7 Rab8 22. c4 Bxc4 23. Bxc4 Rxb7 24. Rxe5 Rd7 25. Bd2 Ne3 26. Bxe3 fxe3 27. Re1 Rd2 28. R1xe3 Bxe3 29. Rxe3 Rd1+ 30. Re1 Rxe1+ 31. Bf1 Rxf1# ,1034,-1,1/2-1/2
00000000000000000000000000000001000000,0000000000100110100100100000000110011,1. e4 c5 2. f4 Nc6 3. Nf3 e6 4. Be2 d5 5. e5 d4 6. d3 Nge7 7. Nbd2 Nd5 8. Ne4 Be7 9. O-O h6 10. Bd2 b6 11. c3 Bb7 12. cxd4 cxd4 13. Qa4 O-O 14. Nxd4 Nxd4 15. Qxd4 Nxf4 16. Qxd8 Raxd8 17. Bxf4 Bxe4 18. dxe4 Bc5+ 19. Kh1 Rd4 20. Bf3 Rb4 21. b3 Bd4 22. Rad1 Rd8 23. Bd2 Rb5 24. Bf4 g5 25. Bg3 Bxe5 26. Rxd8+ Kg7 27. Bxe5+ Rxe5 28. Rfd1 f5 29. R1d7+ Kf6 30. Rf8+ Kg6 31. Rg8+ Kf6 32. Rf8+ Kg6 33. Rg8+ Kf6 34. Rf8+ Kg6 35. Rg8+ Kf6 36. Rf8+ Kg6 37. Rg8+ Kf6 37. Rf8+ 1/2-1/2,1034,-1,1/2-1/2
000000000011111010111011111111110,00000000001000000000000000000000,1. e4 d5 2. Nf3 dxe4 3. Ng5 Nf6 4. d3 h6 5. Nxe4 Nxe4 6. dxe4 Qxd1+ 7. Kxd1 Bg4+ 8. f3 Bh5 9. Bd3 Nc6 10. Bf4 O-O-O 11. Be3 Nb4 12. Ke2 Nxd3 13. cxd3 e6 14. Rc1 Bd6 15. Bxa7 Bxh2 16. Bb6 Rd7 17. Nd2 Rhd8 18. Rc3 Bf4 19. Ba7 b6 20. Bxb6 Kb7 21. Be3 Bxe3 22. Kxe3 f5 23. Nb3 fxe4 24. Nc5+ Kc6 25. dxe4 Rd1 26. Nd3+ Kd7 27. Rxd1 Ke7 28. Rxc7+ Kf6 29. e5+ Kf5 30. g4+ Bxg4 31. fxg4+ Kxg4 32. Rxg7+ Kf5 32. Rf1# 1-0,1035,-1,1/2-1/2
0000000000101001111001101110010111111,000000000000000000000000000000000000,1. c4 b5 2. c5 e5 3. e3 Bxc5 4. Bxb5 a6 5. Be2 Nf6 6. h3 d5 7. g4 Nc6 8. Nc3 d4 9. Na4 dxe3 10. fxe3 Bd6 11. Nc3 O-O 12. Nf3 e4 13. Nh2 Bg3+ 14. Kf1 Bxh2 15. Rxh2 Qd6 16. Kg1 Qg3+ 17. Rg2 Qxh3 18. g5 Ng4 19. Bxg4 Bxg4 20. Qxg4 Qxg4 21. Rxg4 Ne5 22. Rxe4 Nf3+ 23. Kf2 Nxg5 24. Rg4 Nh3+ 25. Kg2 Ng5 26. Rxg5 h6 27. Rf5 g6 28. Rc5 Rac8 29. Nd5 c6 30. Ne7+ Kg7 31. Nxc8 Rxc8 32. b3 h5 33. Bb2+ Kh6 34. Bf6 g5 35. Rxg5 h4 36. Rh1 h3+ 36. Rxh3# 1-0,1035,-1,1/2-1/2
00000000001101111011101111,0000000000110000000000010,1. c4 e5 2. Nc3 Bb4 3. g3 b6 4. Bg2 Nc6 5. Bxc6 dxc6 6. Ne4 Ne7 7. a3 Bd6 8. d4 Bb7 9. Qa4 O-O 10. Nf3 c5 11. d5 c6 12. O-O cxd5 13. cxd5 Bxd5 14. Rd1 Bxe4 15. Qxe4 f5 16. Qc4+ Kh8 17. Nxe5 Bxe5 18. Rxd8 Raxd8 19. Rb1 Rd1+ 20. Kg2 Rfd8 21. Bf4 Rxb1 22. Bxe5 Rdd1 23. Qf7 Rg1+ 24. Kh3 Rxg3+ 25. fxg3 Ng6 25. Bxg7# 1-0,1036,-1,1/2-1/2
0000000000111011111111111111,000000000000000000000111000,1. e4 c5 2. Bc4 Nc6 3. Nc3 e6 4. Nf3 a6 5. d4 b5 6. Be2 cxd4 7. Nxd4 Nxd4 8. Qxd4 Qc7 9. g3 Bc5 10. Qxg7 Qd6 11. Qxh8 Qf8 12. Be3 Bxe3 13. fxe3 Bb7 14. O-O-O O-O-O 15. Qd4 d5 16. exd5 exd5 17. a4 b4 18. Bxa6 Bxa6 19. Nxd5 Bb7 20. Qc4+ Kb8 21. Qc7+ Ka7 22. Qb6+ Kb8 23. Nxb4 Kc8 24. Rhf1 Ne7 25. Na6 Rxd1+ 26. Rxd1 Nd5 27. Rxd5 Bxd5 27. Qc7# 1-0,1037,-1,1/2-1/2
00000000001011010111110011111101,0000000000000001000110000100100,1. c4 Nf6 2. Nc3 d5 3. g3 d4 4. Nb5 c6 5. Na3 e5 6. e3 Be6 7. exd4 exd4 8. Nf3 Bg4 9. Bg2 Be7 10. Qe2 O-O 11. O-O Re8 12. Qd3 Bc5 13. Nc2 Nbd7 14. b4 Bb6 15. c5 Bc7 16. Bb2 a5 17. Bxd4 axb4 18. Qb3 Ba5 19. Ne3 Be6 20. Qb1 Nd5 21. Rc1 Qe7 22. a3 bxa3 23. Rxa3 Bb4 24. Rxa8 Rxa8 25. Nxd5 Bxd5 26. Re1 Qd8 27. Qxb4 Bxf3 28. Bxf3 Nf6 29. Qxb7 Rb8 30. Bxf6 Rxb7 31. Bxd8 Rd7 31. Re8# 1-0,1037,-1,1/2-1/2
00000000001101010011110010101000011,0000000000000000000000000000000000,1. e4 d6 2. Nc3 e6 3. d4 Nc6 4. Bb5 Bd7 5. Bxc6 Bxc6 6. Nf3 Nf6 7. Nd2 Be7 8. f3 Qd7 9. O-O d5 10. e5 Nh5 11. Nb3 O-O-O 12. g4 Nf4 13. Bxf4 g5 14. Bg3 h5 15. h3 hxg4 16. fxg4 Rxh3 17. Kg2 Rdh8 18. Rh1 Rxh1 19. Qxh1 Rxh1 20. Rxh1 f6 21. Rh8+ Bd8 22. exf6 Qf7 23. Be5 b6 24. Nd2 Kb7 25. Rxd8 Qg6 26. Nf3 Qxc2+ 27. Kg3 Qxb2 28. f7 Qxc3 29. f8=Q Ka6 30. Bxc7 Qe3 31. Qd6 Bb5 32. a4 Bxa4 33. Qb4 b5 34. Qd6+ Kb7 34. Rb8# 1-0,1038,-1,1/2-1/2
0000000000111111111101111111111110111111111011011111101111111111111111011111111111001111111,0000000000011111111111111111111111111111111111111111111111111111111111111111111111111111111,1. e4 d5 2. exd5 Qxd5 3. Nc3 Qe5+ 4. Qe2 Qxe2+ 5. Bxe2 c6 6. d4 f6 7. Bf4 Bf5 8. O-O-O g5 9. Bg3 h5 10. h4 Bh6 11. hxg5 Bxg5+ 12. f4 Bh6 13. Bxh5+ Kf8 14. d5 e5 15. dxe6 Na6 16. Nge2 Bxe6 17. Nd4 Bd7 18. Kb1 Ne7 19. f5 Kg7 20. Ne6+ Bxe6 21. fxe6 Rad8 22. Bd6 Nc8 23. e7 Rxd6 24. e8=N+ Rxe8 25. Bxe8 Bf4 26. Ne4 Rd5 27. Rxd5 cxd5 28. Nf2 Nc7 29. Nd3 Be3 30. Bd7 Nd6 31. g4 d4 32. Rh5 b6 33. Bf5 Nxf5 34. gxf5 Nd5 35. Nc1 Ne7 36. Ne2 b5 37. Ng3 Bg5 38. Rh1 b4 39. a4 bxa3 40. bxa3 a5 41. a4 Kg8 42. Rd1 Bh4 43. Ne2 Nxf5 44. Nxd4 Ne3 45. Rh1 Bf2 46. Rh5 Be1 47. Rxa5 Bxa5 48. Kb2 Nc4+ 49. Kb3 Ne5 50. c3 Kf7 51. Kc2 Ke7 52. Nb3 Nc6 53. Kd3 f5 54. Ke3 Bxc3 55. Nc5 Be5 56. Ne4 Bc7 57. Kf3 Ke6 58. Nd2 Kf6 59. Ne4+ Ke6 60. Nd2 Nd4+ 61. Ke3 Kd5 62. Nf1 f4+ 63. Kd3 Nf5 64. Nh2 Nh6 65. Ke2 Ke4 66. Nf3 Nf7 67. Nd2+ Kf5 68. Nb3 Ne5 69. a5 Kg4 70. a6 Bb6 71. Nd2 Nc6 72. Kf1 Nb4 73. Ne4 Ba7 74. Nf6+ Kf5 75. Nh5 f3 76. Ng3+ Kf4 77. Nh5+ Kg4 78. Nf6+ Kf5 79. Ne8 Nxa6 80. Nd6+ Kf4 81. Ke1 Nc5 82. Nc8 Ne4 83. Nxa7 Ke3 84. Nc6 f2+ 85. Kd1 f1=Q+ 86. Kc2 Qc4+ 87. Kb2 Qxc6 88. Kb3 Qb5+ 89. Ka3 Kd3 90. Ka2 Kc3 91. Ka3 Qb3# ,1038,-1,1/2-1/2
000000000000000100000100010010100000100000011011000010,00000000000101000000100000000000000000010101000001101,1. e4 d5 2. exd5 c6 3. Nc3 Nf6 4. dxc6 h6 5. d4 e6 6. cxb7 Bxb7 7. Nf3 Bd6 8. Bb5+ Nbd7 9. Ne5 O-O 10. Bxd7 Nxd7 11. Nxd7 Qxd7 12. O-O Rac8 13. Qg4 f5 14. Qg6 Rc4 15. Bxh6 Rf6 16. Qxg7+ Qxg7 17. Bxg7 Kxg7 18. Nb5 Rxc2 19. Nxd6 Ba6 20. Ne8+ Kf7 21. Nxf6 Bxf1 22. Kxf1 Kxf6 23. b4 Rc4 24. a3 Rxd4 25. b5 Rd5 26. a4 e5 27. Rb1 e4 28. a5 f4 29. b6 axb6 30. axb6 Rd8 31. b7 Rb8 32. Ke2 Ke5 33. f3 exf3+ 34. gxf3 Kd4 35. h4 Ke5 36. h5 Kf6 37. h6 Kg6 38. Rh1 Rxb7 39. h7 Rxh7 40. Rxh7 Kxh7 41. Kd3 Kg6 42. Ke4 Kg5 43. Ke5 Kh4 44. Kxf4 Kh5 45. Kf5 Kh6 46. f4 Kg7 47. Ke6 Kf8 48. f5 Ke8 49. f6 Kf8 50. f7 Kg7 51. Ke7 Kh6 52. f8=Q+ Kg6 53. Qf4 Kh5 53. Kf6 1/2-1/2,1039,-1,1/2-1/2
0000000000101001111111,000000000010110100100,1. d4 g6 2. c4 Bg7 3. Nc3 Nf6 4. Nf3 O-O 5. Bg5 Re8 6. e3 h6 7. Bxf6 Bxf6 8. Bd3 Bg7 9. Qc2 f5 10. Nh4 e6 11. Nxg6 Nc6 12. d5 Nb4 13. Qd2 Qg5 14. Nf4 e5 15. Nh3 Qxg2 16. Rg1 Nxd3+ 17. Qxd3 Qxh3 18. Nb5 Qxh2 19. O-O-O e4 20. Qc3 Qe5 21. Nxc7 Qxc7 21. Qxg7# 1-0,1039,-1,1/2-1/2
0000000000000000000001,0000000000110101001011,1. e4 c6 2. Nc3 d6 3. Bc4 Nd7 4. d3 e6 5. Bb3 Be7 6. Nf3 Ngf6 7. O-O O-O 8. h3 b5 9. a3 a5 10. Bg5 Bb7 11. Bxf6 Bxf6 12. Re1 Qb6 13. d4 c5 14. dxc5 Nxc5 15. Ba2 b4 16. axb4 axb4 17. Ne2 Nxe4 18. Ned4 Bxd4 19. Nxd4 e5 20. Nf5 Qxf2+ 21. Kh1 Ng3+ 22. Nxg3 Qxg2# ,1040,-1,1/2-1/2
000000000001101101110111101000010110001,00000000000001000000000010001001100000,1. e4 e5 2. Nf3 d6 3. d4 exd4 4. Nxd4 Qf6 5. Nb3 Be7 6. Be2 Qg6 7. O-O Bh3 8. Bf3 h6 9. Nc3 c6 10. Bf4 Be6 11. Nd4 Bh3 12. Nf5 Bxf5 13. exf5 Qxf5 14. Bxd6 Qd7 15. Re1 Qxd6 16. Qxd6 Nd7 17. Qc7 Ngf6 18. Qxb7 O-O 19. Rxe7 Nc5 20. Qxc6 Rac8 21. Qb5 a6 22. Qb6 Ncd7 23. Qxa6 Nc5 24. Qa7 Ne6 25. a4 Rcd8 26. a5 Nd4 27. Bb7 Nxc2 28. Rc1 Nb4 29. a6 Rfe8 30. Rxe8+ Rxe8 31. Qb6 Nd3 32. Ra1 Nd7 33. Qb5 N3e5 34. a7 Nf6 35. a8=Q Rxa8 36. Rxa8+ Kh7 37. Qxe5 Nd7 38. Qf5+ g6 38. Qxf7# 1-0,1041,-1,1/2-1/2
000000000000000100000100000000000001,000000000000000101100011101111111111,1. d4 Nf6 2. Nc3 d5 3. Bg5 e6 4. e4 Be7 5. e5 Nfd7 6. Be3 c5 7. Qg4 g6 8. Bh6 cxd4 9. Qxd4 Nc6 10. Qa4 Bf8 11. Bxf8 Rxf8 12. Bb5 a6 13. Bxc6 bxc6 14. Qxc6 Rb8 15. O-O-O Bb7 16. Qa4 d4 17. Rxd4 Bxg2 18. Rxd7 Qxd7 19. Qxd7+ Kxd7 20. Nge2 Bxh1 21. Nd4 Bd5 22. Nxd5 exd5 23. f4 Rb4 24. c3 Rc8 25. a3 Rxd4 26. Kc2 Rxf4 27. b4 Ke6 28. Kb3 Rfc4 29. Ka4 Rxc3 30. Ka5 Rxa3+ 31. Kb6 Rb8+ 32. Ka7 Rxb4 33. h4 Rab3 34. h5 Rb8 35. hxg6 fxg6 36. Kxa6 Ra3# ,1042,-1,1/2-1/2
00000000001101110111111111101111101111110111,0000000000000000000000000000000000001000000,1. d4 d5 2. c4 Nf6 3. Nc3 c6 4. Nf3 Bg4 5. h3 Bh5 6. Bg5 e6 7. e3 Be7 8. Qb3 Qc8 9. Be2 O-O 10. Bf4 Nbd7 11. cxd5 cxd5 12. g4 Bg6 13. g5 Ne4 14. h4 Nxc3 15. bxc3 Nb6 16. Ne5 Be4 17. f3 Bf5 18. a4 Nc4 19. Nxc4 dxc4 20. Qxc4 Qxc4 21. Bxc4 Rac8 22. Be2 Rxc3 23. e4 Bg6 24. h5 Bxh5 25. Rxh5 g6 26. Rh1 Bb4 27. Kf2 Rc2 28. Rab1 a5 29. Rhc1 Rxc1 30. Rxc1 Rd8 31. Rc7 Rxd4 32. Rc8+ Kg7 33. Be5+ f6 34. Bxd4 e5 35. Rc7+ Kf8 36. Ba7 fxg5 37. Rxh7 Be7 38. Bb5 Kg8 39. Rxe7 Kf8 40. Rxb7 Kg8 41. Rb8+ Kg7 42. Rb7+ Kh6 43. Be3 Kh5 43. Rh7# 1-0,1043,-1,1/2-1/2
000000000010011100111110110100010110,000000000011111101111111111111011011,1. e4 d6 2. d4 e5 3. dxe5 d5 4. exd5 Ne7 5. Nc3 Nd7 6. f4 Ng6 7. Nf3 Nh4 8. Bc4 Nxf3+ 9. Qxf3 Bc5 10. Be3 Bxe3 11. Qxe3 Nb6 12. Bb5+ c6 13. dxc6 O-O 14. O-O Qc7 15. cxb7 Bxb7 16. Rf2 a6 17. Bd3 Nd5 18. Nxd5 Bxd5 19. b3 Rad8 20. Bxa6 f6 21. Bd3 Rde8 22. Raf1 h6 23. h3 Re6 24. c4 Bb7 25. c5 Rd8 26. Bc4 Bd5 27. Bxd5 Rxd5 28. b4 Qd7 29. a3 fxe5 30. fxe5 Rdxe5 31. Rf8+ Kh7 32. Qc3 Rg5 33. Qc2+ Reg6 34. R1f2 Qxh3 35. Qa2 Re6 36. Kf1 Qh1# ,1043,-1,1/2-1/2
00000000000111111111111111011110111111111111111,0000000000000001000000000000000001000000110000,1. e4 Nc6 2. c3 e5 3. f3 d6 4. Ne2 Qf6 5. Ng3 g5 6. Bd3 h5 7. Nxh5 Rxh5 8. g4 Rh3 9. Kf2 Qxf3+ 10. Qxf3 Rxf3+ 11. Kxf3 Nf6 12. h3 Be6 13. Bc2 O-O-O 14. d3 d5 15. Bxg5 dxe4+ 16. dxe4 Be7 17. Na3 Rg8 18. Bxf6 Bxf6 19. Bb3 Bxb3 20. axb3 Rd8 21. Nc4 Rd3+ 22. Ke2 Rg3 23. Rag1 Rxg1 24. Rxg1 b5 25. Ne3 a5 26. Rf1 Bg5 27. Rxf7 b4 28. Nc4 bxc3 29. bxc3 Kb7 30. Kd1 Ka6 31. Rxc7 Kb5 32. Rb7+ Kc5 33. Rd7 Kb5 34. Rd5+ Ka6 35. Nxe5 Nxe5 36. Rxe5 Bf6 37. Re6+ Kb5 38. Rxf6 a4 39. Rf5+ Kc6 40. bxa4 Kd6 41. g5 Ke6 42. g6 Kd6 43. g7 Ke6 44. g8=Q+ Kd6 45. Qf7 Kc6 46. Rf6+ Kc5 46. Qd5# 1-0,1043,-1,1/2-1/2
0000000000110010001100001110110101010111110001111001,000000000000110000000011011101001110100010100001000,1. e4 e5 2. d4 exd4 3. Qxd4 Nc6 4. Qe3 h6 5. Qd3 Bc5 6. Be3 Ne5 7. Qd5 Bxe3 8. Qxe5+ Kf8 9. fxe3 d6 10. Qd5 c6 11. Qd4 c5 12. Qd2 Nf6 13. Nc3 Be6 14. O-O-O Qa5 15. a3 Nxe4 16. Nxe4 Qxd2+ 17. Rxd2 d5 18. Nxc5 Rc8 19. Nxb7 Bf5 20. Nd6 Rxc2+ 21. Rxc2 Bxc2 22. Kxc2 Ke7 23. Nf5+ Kf6 24. Nd4 Re8 25. Bb5 Rxe3 26. Nge2 g6 27. Rf1+ Kg7 28. Nf4 a5 29. a4 g5 30. Nf5+ Kh7 31. Nxe3 gxf4 32. Nxd5 Kg6 33. Rxf4 h5 34. h4 Kg7 35. g4 hxg4 36. Rxg4+ Kh6 37. Rg5 f6 38. Rf5 Kg6 39. Bd3 Kf7 40. Rxf6+ Kg7 41. h5 Kh8 42. h6 Kg8 43. h7+ Kg7 44. Rg6+ Kxh7 45. Ra6+ Kg7 46. Rxa5 Kf7 47. Rb5 Ke6 48. a5 Ke5 49. a6 Kd4 50. a7 Ke5 51. a8=Q Kd4 51. Qh8# 1-0,1044,-1,1/2-1/2
00000000001110000000000110000,00000000000111111101111111111,1. d4 f5 2. e3 Nf6 3. Bd3 Nc6 4. Bxf5 d5 5. Bxc8 Qxc8 6. Nf3 Ne4 7. O-O Qf5 8. Nbd2 e5 9. dxe5 Nxe5 10. Nxe4 dxe4 11. Nd4 Qg5 12. Ne6 Qe7 13. Qd5 Nc6 14. Qxe4 Kf7 15. Qf5+ Qf6 16. Qxf6+ gxf6 17. Nxc7 Rd8 18. Nb5 h5 19. b3 a6 20. Nd4 Nxd4 21. exd4 Rxd4 22. Be3 Re4 23. Rad1 Be7 24. Rd7 Rc8 25. c4 b5 26. cxb5 axb5 27. Rb7 b4 28. Rc1 Rxc1+ 29. Bxc1 Re1# ,1044,-1,1/2-1/2
000000000000,000000000010,1. g3 e6 2. Bg2 c6 3. e3 Nf6 4. d3 h5 5. Nc3 h4 6. e4 hxg3 7. fxg3 Qa5 8. Bd2 Qb4 9. Rb1 Qb6 10. a3 Bc5 11. b4 Bxg1 12. Na4 Qf2# ,1044,-1,1/2-1/2
00000000000100001110011000001000111010111110110011111111101101,0000000000000000000000010000000011000000000000000000001000000,1. d4 d6 2. Nf3 Nf6 3. Bf4 c6 4. a3 Qc7 5. c4 Nbd7 6. Nc3 e5 7. dxe5 dxe5 8. Bg5 h6 9. Bxf6 Nxf6 10. e4 Bg4 11. Be2 Bxf3 12. Bxf3 Rd8 13. Qe2 Bc5 14. O-O O-O 15. b4 Bd4 16. Rac1 Bxc3 17. Rxc3 Rd4 18. Rd1 Rfd8 19. Rcd3 Rxd3 20. Rxd3 Rxd3 21. Qxd3 Qd7 22. Qc3 Qd4 23. Qxd4 exd4 24. e5 Nd7 25. c5 Nxe5 26. Be4 d3 27. Kf1 d2 28. Ke2 Nc4 29. b5 cxb5 30. Bxb7 a5 31. c6 b4 32. c7 Nd6 33. axb4 axb4 34. c8=Q+ Nxc8 35. Bxc8 b3 36. Kxd2 b2 37. Kc2 b1=Q+ 38. Kxb1 Kf8 39. Kc2 Ke7 40. Kd3 Kd8 41. Ba6 Kc7 42. Bc4 f6 43. Ke4 Kd6 44. Kf5 Ke7 45. Kg6 Kf8 46. Bf7 Ke7 47. Kxg7 h5 48. Bxh5 f5 49. f4 Ke6 50. Bf3 Kd6 51. h4 Ke6 52. h5 Ke7 53. h6 Ke6 54. Kg6 Ke7 55. h7 Ke6 56. h8=Q Ke7 57. Qd4 Ke6 58. Qe5+ Kd7 59. Kxf5 Kd8 60. Ke6 Kc8 61. Kd6 Kd8 61. Qh8# 1-0,1045,-1,1/2-1/2
0000000000000101100111101010000111010010000110010100010111,0000000000010111111101111101111111110101111111111111111111,1. b3 g6 2. Bb2 Nf6 3. f4 Bg7 4. Nf3 O-O 5. d4 d6 6. e3 c6 7. Be2 Qc7 8. O-O Bg4 9. Nfd2 Bxe2 10. Qxe2 Nbd7 11. Nc3 c5 12. d5 a6 13. e4 b5 14. Kh1 Rae8 15. e5 dxe5 16. fxe5 Qxe5 17. Qxe5 Nxe5 18. Nce4 Nxd5 19. Nxc5 Ne3 20. Rfc1 Rc8 21. b4 N5c4 22. Nxc4 Nxc4 23. Bxg7 Kxg7 24. Nxa6 Na3 25. Nc5 Rfd8 26. Nb7 Rd2 27. h3 Nxc2 28. Rab1 Rc4 29. Na5 Rxb4 30. Rxb4 Nxb4 31. a3 Nc2 32. Rb1 Nd4 33. Rb4 h5 34. Kg1 h4 35. Kf1 Rd3 36. a4 bxa4 37. Rxa4 Rd1+ 38. Kf2 f6 39. Nc4 e5 40. Ne3 Rd2+ 41. Ke1 Re2+ 42. Kd1 Rxe3 43. Ra7+ Kh6 44. Ra2 Kg5 45. Rf2 Rb3 46. Kd2 Rb2+ 47. Ke3 Nf5+ 48. Kf3 e4+ 49. Kxe4 Rxf2 50. Kd3 Rxg2 51. Ke4 Rg3 52. Kd5 Rxh3 53. Ke6 Rd3 54. Kf7 Rd8 55. Ke6 h3 56. Kf7 h2 57. Ke6 h1=Q 58. Kf7 Qd5# ,1045,-1,1/2-1/2
